bacteriocin,target_strain,reported_lower,reported_upper,reported_unit,censoring,assay_group,doi,source_location,accession,database,family,import_pathway,sequence_sha256,domain_method,domain_signature,domain_coordinates,domain_length_aa,domain_charge_pH7,domain_gravy,domain_isoelectric_point,nterm40_charge_pH7,nterm40_gravy,length_aa,molecular_weight_da,isoelectric_point,charge_pH7,gravy,aromaticity,instability_index,helix_fraction,turn_fraction,sheet_fraction,idr_length_aa,idr_fraction,longest_idr_aa,nterm40_idr_fraction,target_genus,mic_nM_lower,mic_ug_ml_lower,log10_mic_ug_ml_lower,mic_nM_upper,mic_ug_ml_upper,log10_mic_ug_ml_upper,mic_ug_ml_midpoint,log10_mic_ug_ml_midpoint
Pyocin S5,P. aeruginosa DWW3,12.6,12.6,ug/mL,exact,source-defined MIC,10.1016/j.febslet.2010.06.021,main text,WP_003115311.1,NCBI Protein,pore-forming,Ton,5cd49ede95bc123ed798bab6c490f51855048f208ab313114d00f1419b72e051,Pfam,PF01024,310-494,185,1.9133762927282483,-0.1318918918918919,8.689903068542481,-6.491539346750859,-0.1,498,56074.3386,8.495788764953613,2.767071795660897,-0.5136546184738956,0.07630522088353414,41.78435742971889,0.4176706827309237,0.22690763052208834,0.3313253012048193,58,0.1164658634538152,17,0.2,P,224.7017140920856,12.6,1.100370545117563,224.7017140920856,12.6,1.100370545117563,12.6,1.100370545117563
Pyocin S5,P. aeruginosa A19,0.1,0.1,ug/mL,exact,agar dilution,10.1371/journal.pone.0185782,Supplementary Figure S1,WP_003115311.1,NCBI Protein,pore-forming,Ton,5cd49ede95bc123ed798bab6c490f51855048f208ab313114d00f1419b72e051,Pfam,PF01024,310-494,185,1.9133762927282483,-0.1318918918918919,8.689903068542481,-6.491539346750859,-0.1,498,56074.3386,8.495788764953613,2.767071795660897,-0.5136546184738956,0.07630522088353414,41.78435742971889,0.4176706827309237,0.22690763052208834,0.3313253012048193,58,0.1164658634538152,17,0.2,P,1.7833469372387747,0.1,-1.0,1.7833469372387747,0.1,-1.0,0.1,-1.0
PaeM4,P. aeruginosa A19,0.6,0.6,ug/mL,exact,agar dilution,10.1371/journal.pone.0185782,Supplementary Figure S1,ERY59288.1,NCBI Protein,ColM-like,Ton,2b73f5049f73801746b6871e497e0623e0f0e20b51993bf7957472ec7e3a31b3,Gene3D,G3DSA:3.30.450.400,184-341,158,3.115240788172809,-0.5348101265822784,9.028039741516114,-1.406860200157649,-5.2735593669694933e-17,342,38994.6005,5.731553077697755,-6.681724061707264,-0.44415204678362574,0.1286549707602339,31.733918128654967,0.2865497076023392,0.30994152046783624,0.39766081871345027,8,0.023391812865497,5,0.1,P,15.38674565982539,0.6,-0.2218487496163564,15.38674565982539,0.6,-0.2218487496163564,0.6,-0.2218487496163564
LlpA BW11M1,P. syringae GR12-2R3,2.08,2.08,nM,exact,spot-overlay MIC,10.1371/journal.ppat.1003199,main text,AAM95702.1,NCBI Protein,lectin-like,unresolved,420bffab0dbb664c1941825cba46e954ec5cdafaf273194727a0b5898286d4df,SMART,SM00108,14-137; 146-253,232,-0.24530214850328136,-0.04870689655172416,6.837582969665529,3.4973276848443384,0.09999999999999995,276,29966.4584,9.123646354675294,3.031529601403136,-0.11086956521739132,0.10507246376811594,29.181195652173905,0.2463768115942029,0.33695652173913043,0.391304347826087,0,0.0,0,0.0,P,2.08,0.062330233472,-1.2053012463566557,2.08,0.062330233472,-1.2053012463566557,0.062330233472,-1.2053012463566557
Pyocin L1,P. aeruginosa P8,7.0,7.0,nM,exact,spot-overlay MIC,10.1371/journal.ppat.1003898,main text,CDG56231.1,NCBI Protein,lectin-like,unresolved,5a78b8ac859194c3d2a684b55d59f933600989e862c070d3bfaf1d77bfdecd0d,SMART,SM00108,8-108; 123-228,207,-2.0547639666535815,-0.2352657004830918,5.687843894958497,-0.4974885714619175,-0.25,256,28412.981999999996,6.4207258224487305,-1.1391165368354663,-0.23632812500000003,0.12109375,15.821093749999992,0.265625,0.3203125,0.4140625,4,0.015625,4,0.0,P,7.0,0.198890874,-0.7013851437854138,7.0,0.198890874,-0.7013851437854138,0.198890874,-0.7013851437854138
Pyocin L1,P. aeruginosa E2,27.0,27.0,nM,exact,spot-overlay MIC,10.1371/journal.ppat.1003898,main text,CDG56231.1,NCBI Protein,lectin-like,unresolved,5a78b8ac859194c3d2a684b55d59f933600989e862c070d3bfaf1d77bfdecd0d,SMART,SM00108,8-108; 123-228,207,-2.0547639666535815,-0.2352657004830918,5.687843894958497,-0.4974885714619175,-0.25,256,28412.981999999996,6.4207258224487305,-1.1391165368354663,-0.23632812500000003,0.12109375,15.821093749999992,0.265625,0.3203125,0.4140625,4,0.015625,4,0.0,P,27.0,0.7671505139999999,-0.11511941964068335,27.0,0.7671505139999999,-0.11511941964068335,0.7671505139999999,-0.11511941964068335
Syringacin M,P. syringae pv. lachrymans LMG 5456,60.0,60.0,nM,exact,spot-overlay MIC,10.1074/jbc.M112.400150,main text,Q88A25,UniProtKB,ColM-like,Ton,43e7b32a40ba34c178dc994229c52be2570ebfb6e9ed53a4b8027f44d1a86182,Gene3D,G3DSA:3.30.450.400,126-276,151,-3.9921365763377086,0.17748344370860925,5.062160301208496,-1.4959206303693948,-0.6300000000000001,276,29620.9109,5.1651525497436515,-6.142760980467795,-0.1528985507246377,0.08333333333333333,43.60181159420289,0.2391304347826087,0.37681159420289856,0.36231884057971014,28,0.1014492753623188,20,0.575,P,60.0,1.7772546539999998,0.2497496601650787,60.0,1.7772546539999998,0.2497496601650787,1.7772546539999998,0.2497496601650787
KpneA,K. variicola DSM15968,0.2,0.2,ug/mL,exact,microbroth dilution,10.1038/s41598-019-51969-1,Supplementary Table S2,SAV78255.1,NCBI Protein,pore-forming,Ton,55e3e5c60294e53ac7b45e9cca8e2bc0fe5698ae82adfb50e291b6afa35c395c,Pfam,PF01024,189-335,147,3.7711389789439913,-0.10476190476190476,9.331685829162598,-1.5069223816082478,-0.6224999999999999,377,39906.7625,8.972725868225101,5.582997356813024,-0.18222811671087533,0.07427055702917772,11.507692307692302,0.33421750663129973,0.35013262599469497,0.35278514588859416,19,0.0503978779840848,6,0.2,K,5.011681917319152,0.2,-0.6989700043360187,5.011681917319152,0.2,-0.6989700043360187,0.2,-0.6989700043360187
KaerA,K. variicola DSM15968,0.1,0.1,ug/mL,exact,microbroth dilution,10.1038/s41598-019-51969-1,Supplementary Table S2,WP_063414841.1,NCBI Protein,pore-forming,Ton,78d6b69108ae3a9c6bc046c220378fb751bbc23fb8d6bd58cc0a67ad62fcc1ec,Pfam,PF01024,196-353,158,5.84256947971809,0.16329113924050634,9.697028160095215,-2.4085399012910136,-0.5700000000000001,379,39364.9196,8.91070728302002,3.7824981384270515,-0.1812664907651715,0.06068601583113456,9.418469656992073,0.34036939313984166,0.35883905013192613,0.32189973614775724,104,0.2744063324538258,41,1.0,K,2.5403328907091174,0.1,-1.0,2.5403328907091174,0.1,-1.0,0.1,-1.0
KvarIa,K. variicola DSM15968,0.4,0.4,ug/mL,exact,microbroth dilution,10.1038/s41598-019-51969-1,Supplementary Table S2,KDL88409.1,NCBI Protein,pore-forming,unresolved,c009e9164b05f4f1e58832d74f27ee7b6fd38d2948ec0286a8a32348156bcfc4,Pfam,PF01024,227-410,184,1.9396632923296302,0.046739130434782616,8.630785560607912,-0.4927001072907071,-1.6375,414,43432.472200000004,9.248715019226072,8.90323528795215,-0.45265700483091786,0.05555555555555555,22.264033816425112,0.46618357487922707,0.27294685990338163,0.25120772946859904,230,0.5555555555555556,230,1.0,K,9.209699096981174,0.4,-0.3979400086720376,9.209699096981174,0.4,-0.3979400086720376,0.4,-0.3979400086720376
KvarM,K. pneumoniae DSM16358,0.1,0.1,ug/mL,exact,microbroth dilution,10.1038/s41598-019-51969-1,Supplementary Table S2,CTQ17225.1,NCBI Protein,ColM-like,Ton,d812996b66f5b5a5337ea6f950d37f8c13e2ec683a9b16086c25f5796005df68,Gene3D,G3DSA:3.30.450.400,147-276,130,3.852438723470467,-0.5015384615384616,9.39757251739502,-2.4977120915436024,0.11749999999999998,276,29832.3786,8.911545372009279,3.7499660718988714,-0.2423913043478261,0.10507246376811594,23.16376811594203,0.25724637681159424,0.3442028985507246,0.3804347826086956,19,0.0688405797101449,16,0.0,K,3.3520625807557964,0.1,-1.0,3.3520625807557964,0.1,-1.0,0.1,-1.0
KvarM,K. variicola DSM15968,0.2,0.2,ug/mL,exact,microbroth dilution,10.1038/s41598-019-51969-1,Supplementary Table S2,CTQ17225.1,NCBI Protein,ColM-like,Ton,d812996b66f5b5a5337ea6f950d37f8c13e2ec683a9b16086c25f5796005df68,Gene3D,G3DSA:3.30.450.400,147-276,130,3.852438723470467,-0.5015384615384616,9.39757251739502,-2.4977120915436024,0.11749999999999998,276,29832.3786,8.911545372009279,3.7499660718988714,-0.2423913043478261,0.10507246376811594,23.16376811594203,0.25724637681159424,0.3442028985507246,0.3804347826086956,19,0.0688405797101449,16,0.0,K,6.704125161511593,0.2,-0.6989700043360187,6.704125161511593,0.2,-0.6989700043360187,0.2,-0.6989700043360187
KpneM,K. pneumoniae DSM16358,0.8,0.8,ug/mL,exact,microbroth dilution,10.1038/s41598-019-51969-1,Supplementary Table S2,EWD35590.1,NCBI Protein,ColM-like,Ton,05132a559d94f76def8aa46c6b253bb479429fab6c4d433a40deb1755390648f,Gene3D,G3DSA:3.30.450.400,148-278,131,-2.890614649458506,-0.0969465648854962,5.4663423538208,-2.4078492012566493,0.032499999999999966,278,30287.744000000002,6.023932838439941,-4.631131902292648,-0.2183453237410072,0.1079136690647482,47.84820143884892,0.22661870503597123,0.34532374100719426,0.3669064748201439,18,0.0647482014388489,9,0.225,K,26.41332414854008,0.8,-0.09691001300805639,26.41332414854008,0.8,-0.09691001300805639,0.8,-0.09691001300805639
KpneM,K. variicola DSM15968,0.4,0.4,ug/mL,exact,microbroth dilution,10.1038/s41598-019-51969-1,Supplementary Table S2,EWD35590.1,NCBI Protein,ColM-like,Ton,05132a559d94f76def8aa46c6b253bb479429fab6c4d433a40deb1755390648f,Gene3D,G3DSA:3.30.450.400,148-278,131,-2.890614649458506,-0.0969465648854962,5.4663423538208,-2.4078492012566493,0.032499999999999966,278,30287.744000000002,6.023932838439941,-4.631131902292648,-0.2183453237410072,0.1079136690647482,47.84820143884892,0.22661870503597123,0.34532374100719426,0.3669064748201439,18,0.0647482014388489,9,0.225,K,13.20666207427004,0.4,-0.3979400086720376,13.20666207427004,0.4,-0.3979400086720376,0.4,-0.3979400086720376
KpneM2,K. pneumoniae DSM16358,0.8,0.8,ug/mL,exact,microbroth dilution,10.1038/s41598-019-51969-1,Supplementary Table S2,WP_047066220.1,NCBI Protein,ColM-like,Ton,3b92060eb0652790577a8e41b4e9dccf5a3521a9c80f5dbb955bfad07fd5c799,Gene3D,G3DSA:3.30.450.400,146-272,127,0.5551822704311302,-0.4299212598425197,7.9015192031860355,-2.496022390510237,0.305,272,29729.1697,8.37375011444092,1.7556887559861387,-0.3360294117647059,0.10661764705882353,34.050735294117665,0.23529411764705882,0.36764705882352944,0.375,13,0.0477941176470588,12,0.0,K,26.909597814970258,0.8,-0.09691001300805639,26.909597814970258,0.8,-0.09691001300805639,0.8,-0.09691001300805639
Pyocin L1,P. aeruginosa Br776,26.0,26.0,nM,exact,kinetic broth MIC,10.1002/mbo3.210,Table 2,CDG56231.1,NCBI Protein,lectin-like,unresolved,5a78b8ac859194c3d2a684b55d59f933600989e862c070d3bfaf1d77bfdecd0d,SMART,SM00108,8-108; 123-228,207,-2.0547639666535815,-0.2352657004830918,5.687843894958497,-0.4974885714619175,-0.25,256,28412.981999999996,6.4207258224487305,-1.1391165368354663,-0.23632812500000003,0.12109375,15.821093749999992,0.265625,0.3203125,0.4140625,4,0.015625,4,0.0,P,26.0,0.7387375319999999,-0.13150983582885267,26.0,0.7387375319999999,-0.13150983582885267,0.7387375319999999,-0.13150983582885267
Pyocin L1,P. aeruginosa Bu007,10.8,10.8,nM,exact,kinetic broth MIC,10.1002/mbo3.210,Table 2,CDG56231.1,NCBI Protein,lectin-like,unresolved,5a78b8ac859194c3d2a684b55d59f933600989e862c070d3bfaf1d77bfdecd0d,SMART,SM00108,8-108; 123-228,207,-2.0547639666535815,-0.2352657004830918,5.687843894958497,-0.4974885714619175,-0.25,256,28412.981999999996,6.4207258224487305,-1.1391165368354663,-0.23632812500000003,0.12109375,15.821093749999992,0.265625,0.3203125,0.4140625,4,0.015625,4,0.0,P,10.8,0.3068602056,-0.5130594283127209,10.8,0.3068602056,-0.5130594283127209,0.3068602056,-0.5130594283127209
Pyocin L1,P. aeruginosa LMG 1272,88.1,88.1,nM,exact,kinetic broth MIC,10.1002/mbo3.210,Table 2,CDG56231.1,NCBI Protein,lectin-like,unresolved,5a78b8ac859194c3d2a684b55d59f933600989e862c070d3bfaf1d77bfdecd0d,SMART,SM00108,8-108; 123-228,207,-2.0547639666535815,-0.2352657004830918,5.687843894958497,-0.4974885714619175,-0.25,256,28412.981999999996,6.4207258224487305,-1.1391165368354663,-0.23632812500000003,0.12109375,15.821093749999992,0.265625,0.3203125,0.4140625,4,0.015625,4,0.0,P,88.1,2.5031837141999995,0.3984927246123772,88.1,2.5031837141999995,0.3984927246123772,2.5031837141999995,0.3984927246123772
Pyocin L1,P. aeruginosa PA134,13.4,13.4,nM,exact,kinetic broth MIC,10.1002/mbo3.210,Table 2,CDG56231.1,NCBI Protein,lectin-like,unresolved,5a78b8ac859194c3d2a684b55d59f933600989e862c070d3bfaf1d77bfdecd0d,SMART,SM00108,8-108; 123-228,207,-2.0547639666535815,-0.2352657004830918,5.687843894958497,-0.4974885714619175,-0.25,256,28412.981999999996,6.4207258224487305,-1.1391165368354663,-0.23632812500000003,0.12109375,15.821093749999992,0.265625,0.3203125,0.4140625,4,0.015625,4,0.0,P,13.4,0.38073395879999994,-0.41937838543486305,13.4,0.38073395879999994,-0.41937838543486305,0.38073395879999994,-0.41937838543486305
Pyocin L1,P. aeruginosa PA135,30.0,30.0,nM,exact,kinetic broth MIC,10.1002/mbo3.210,Table 2,CDG56231.1,NCBI Protein,lectin-like,unresolved,5a78b8ac859194c3d2a684b55d59f933600989e862c070d3bfaf1d77bfdecd0d,SMART,SM00108,8-108; 123-228,207,-2.0547639666535815,-0.2352657004830918,5.687843894958497,-0.4974885714619175,-0.25,256,28412.981999999996,6.4207258224487305,-1.1391165368354663,-0.23632812500000003,0.12109375,15.821093749999992,0.265625,0.3203125,0.4140625,4,0.015625,4,0.0,P,30.0,0.8523894599999998,-0.06936192908000825,30.0,0.8523894599999998,-0.06936192908000825,0.8523894599999998,-0.06936192908000825
Pyocin L1,P. aeruginosa PA229,224.5,224.5,nM,exact,kinetic broth MIC,10.1002/mbo3.210,Table 2,CDG56231.1,NCBI Protein,lectin-like,unresolved,5a78b8ac859194c3d2a684b55d59f933600989e862c070d3bfaf1d77bfdecd0d,SMART,SM00108,8-108; 123-228,207,-2.0547639666535815,-0.2352657004830918,5.687843894958497,-0.4974885714619175,-0.25,256,28412.981999999996,6.4207258224487305,-1.1391165368354663,-0.23632812500000003,0.12109375,15.821093749999992,0.265625,0.3203125,0.4140625,4,0.015625,4,0.0,P,224.5,6.3787144589999984,0.8047331615396712,224.5,6.3787144589999984,0.8047331615396712,6.3787144589999984,0.8047331615396712
Pyocin L1,P. aeruginosa PAO1,38.3,38.3,nM,exact,kinetic broth MIC,10.1002/mbo3.210,Table 2,CDG56231.1,NCBI Protein,lectin-like,unresolved,5a78b8ac859194c3d2a684b55d59f933600989e862c070d3bfaf1d77bfdecd0d,SMART,SM00108,8-108; 123-228,207,-2.0547639666535815,-0.2352657004830918,5.687843894958497,-0.4974885714619175,-0.25,256,28412.981999999996,6.4207258224487305,-1.1391165368354663,-0.23632812500000003,0.12109375,15.821093749999992,0.265625,0.3203125,0.4140625,4,0.015625,4,0.0,P,38.3,1.0882172105999999,0.03671559016895209,38.3,1.0882172105999999,0.03671559016895209,1.0882172105999999,0.03671559016895209
Pyocin L2,P. aeruginosa CFPA13,13.8,13.8,nM,exact,kinetic broth MIC,10.1002/mbo3.210,Table 2,ERX71449.1,NCBI Protein,lectin-like,unresolved,4eaf1adbc0be1db4427fc1870c8968eb94dd44a57e2dbc8f3af003d7c0843013,SMART,SM00108,8-121; 123-227,219,-3.221103355912856,-0.21598173515981736,5.05266819000244,-0.4974885714619175,-0.25,256,28412.9406,5.429965400695799,-3.307257387168953,-0.21953125,0.1171875,17.165234374999994,0.265625,0.328125,0.41015625,0,0.0,0,0.0,P,13.8,0.39209858028000005,-0.40660473020088506,13.8,0.39209858028000005,-0.40660473020088506,0.39209858028000005,-0.40660473020088506
Pyocin L2,P. aeruginosa CFPA22,61.8,61.8,nM,exact,kinetic broth MIC,10.1002/mbo3.210,Table 2,ERX71449.1,NCBI Protein,lectin-like,unresolved,4eaf1adbc0be1db4427fc1870c8968eb94dd44a57e2dbc8f3af003d7c0843013,SMART,SM00108,8-121; 123-227,219,-3.221103355912856,-0.21598173515981736,5.05266819000244,-0.4974885714619175,-0.25,256,28412.9406,5.429965400695799,-3.307257387168953,-0.21953125,0.1171875,17.165234374999994,0.265625,0.328125,0.41015625,0,0.0,0,0.0,P,61.8,1.75591972908,0.24450465848669423,61.8,1.75591972908,0.24450465848669423,1.75591972908,0.24450465848669423
Pyocin L2,P. aeruginosa CFPA118,37.0,37.0,nM,exact,kinetic broth MIC,10.1002/mbo3.210,Table 2,ERX71449.1,NCBI Protein,lectin-like,unresolved,4eaf1adbc0be1db4427fc1870c8968eb94dd44a57e2dbc8f3af003d7c0843013,SMART,SM00108,8-121; 123-227,219,-3.221103355912856,-0.21598173515981736,5.05266819000244,-0.4974885714619175,-0.25,256,28412.9406,5.429965400695799,-3.307257387168953,-0.21953125,0.1171875,17.165234374999994,0.265625,0.328125,0.41015625,0,0.0,0,0.0,P,37.0,1.0512788022000001,0.021717907464873454,37.0,1.0512788022000001,0.021717907464873454,1.0512788022000001,0.021717907464873454
Pyocin L2,P. aeruginosa CFPA120,61.8,61.8,nM,exact,kinetic broth MIC,10.1002/mbo3.210,Table 2,ERX71449.1,NCBI Protein,lectin-like,unresolved,4eaf1adbc0be1db4427fc1870c8968eb94dd44a57e2dbc8f3af003d7c0843013,SMART,SM00108,8-121; 123-227,219,-3.221103355912856,-0.21598173515981736,5.05266819000244,-0.4974885714619175,-0.25,256,28412.9406,5.429965400695799,-3.307257387168953,-0.21953125,0.1171875,17.165234374999994,0.265625,0.328125,0.41015625,0,0.0,0,0.0,P,61.8,1.75591972908,0.24450465848669423,61.8,1.75591972908,0.24450465848669423,1.75591972908,0.24450465848669423
Pyocin L2,P. aeruginosa CFPA124,61.8,61.8,nM,exact,kinetic broth MIC,10.1002/mbo3.210,Table 2,ERX71449.1,NCBI Protein,lectin-like,unresolved,4eaf1adbc0be1db4427fc1870c8968eb94dd44a57e2dbc8f3af003d7c0843013,SMART,SM00108,8-121; 123-227,219,-3.221103355912856,-0.21598173515981736,5.05266819000244,-0.4974885714619175,-0.25,256,28412.9406,5.429965400695799,-3.307257387168953,-0.21953125,0.1171875,17.165234374999994,0.265625,0.328125,0.41015625,0,0.0,0,0.0,P,61.8,1.75591972908,0.24450465848669423,61.8,1.75591972908,0.24450465848669423,1.75591972908,0.24450465848669423
Pyocin L2,P. aeruginosa CPHL 6750,46.2,46.2,nM,exact,kinetic broth MIC,10.1002/mbo3.210,Table 2,ERX71449.1,NCBI Protein,lectin-like,unresolved,4eaf1adbc0be1db4427fc1870c8968eb94dd44a57e2dbc8f3af003d7c0843013,SMART,SM00108,8-121; 123-227,219,-3.221103355912856,-0.21598173515981736,5.05266819000244,-0.4974885714619175,-0.25,256,28412.9406,5.429965400695799,-3.307257387168953,-0.21953125,0.1171875,17.165234374999994,0.265625,0.328125,0.41015625,0,0.0,0,0.0,P,46.2,1.31267785572,0.11815815895400393,46.2,1.31267785572,0.11815815895400393,1.31267785572,0.11815815895400393
Pyocin L3,P. aeruginosa CFPA13,6.9,6.9,nM,exact,kinetic broth MIC,10.1002/mbo3.210,Table 2,ERZ09331.1,NCBI Protein,lectin-like,unresolved,5f140d4fa0fefabee97ca3d9b92c6ec4ce4db46bfb0a4c96189a6a42ed940b51,SMART,SM00108,154-261,108,-3.8883243320505523,-0.36759259259259264,5.271100425720214,2.501147147716551,0.5149999999999999,290,31909.5478,6.585161018371582,-0.9842171982660375,-0.2482758620689655,0.11724137931034483,26.17931034482758,0.24482758620689654,0.3517241379310345,0.37241379310344824,0,0.0,0,0.0,P,6.9,0.22017587982,-0.6572302595460832,6.9,0.22017587982,-0.6572302595460832,0.22017587982,-0.6572302595460832
Pyocin L3,P. aeruginosa CFPA22,77.8,77.8,nM,exact,kinetic broth MIC,10.1002/mbo3.210,Table 2,ERZ09331.1,NCBI Protein,lectin-like,unresolved,5f140d4fa0fefabee97ca3d9b92c6ec4ce4db46bfb0a4c96189a6a42ed940b51,SMART,SM00108,154-261,108,-3.8883243320505523,-0.36759259259259264,5.271100425720214,2.501147147716551,0.5149999999999999,290,31909.5478,6.585161018371582,-0.9842171982660375,-0.2482758620689655,0.11724137931034483,26.17931034482758,0.24482758620689654,0.3517241379310345,0.37241379310344824,0,0.0,0,0.0,P,77.8,2.48256281884,0.3949002467063505,77.8,2.48256281884,0.3949002467063505,2.48256281884,0.3949002467063505
Pyocin L3,P. aeruginosa CFPA54,19.4,19.4,nM,exact,kinetic broth MIC,10.1002/mbo3.210,Table 2,ERZ09331.1,NCBI Protein,lectin-like,unresolved,5f140d4fa0fefabee97ca3d9b92c6ec4ce4db46bfb0a4c96189a6a42ed940b51,SMART,SM00108,154-261,108,-3.8883243320505523,-0.36759259259259264,5.271100425720214,2.501147147716551,0.5149999999999999,290,31909.5478,6.585161018371582,-0.9842171982660375,-0.2482758620689655,0.11724137931034483,26.17931034482758,0.24482758620689654,0.3517241379310345,0.37241379310344824,0,0.0,0,0.0,P,19.4,0.61904522732,-0.2082776203531124,19.4,0.61904522732,-0.2082776203531124,0.61904522732,-0.2082776203531124
Pyocin L3,P. aeruginosa CFPA87,55.0,55.0,nM,exact,kinetic broth MIC,10.1002/mbo3.210,Table 2,ERZ09331.1,NCBI Protein,lectin-like,unresolved,5f140d4fa0fefabee97ca3d9b92c6ec4ce4db46bfb0a4c96189a6a42ed940b51,SMART,SM00108,154-261,108,-3.8883243320505523,-0.36759259259259264,5.271100425720214,2.501147147716551,0.5149999999999999,290,31909.5478,6.585161018371582,-0.9842171982660375,-0.2482758620689655,0.11724137931034483,26.17931034482758,0.24482758620689654,0.3517241379310345,0.37241379310344824,0,0.0,0,0.0,P,55.0,1.7550251289999999,0.24428333921090536,55.0,1.7550251289999999,0.24428333921090536,1.7550251289999999,0.24428333921090536
Pyocin L3,P. aeruginosa CFPA120,9.7,9.7,nM,exact,kinetic broth MIC,10.1002/mbo3.210,Table 2,ERZ09331.1,NCBI Protein,lectin-like,unresolved,5f140d4fa0fefabee97ca3d9b92c6ec4ce4db46bfb0a4c96189a6a42ed940b51,SMART,SM00108,154-261,108,-3.8883243320505523,-0.36759259259259264,5.271100425720214,2.501147147716551,0.5149999999999999,290,31909.5478,6.585161018371582,-0.9842171982660375,-0.2482758620689655,0.11724137931034483,26.17931034482758,0.24482758620689654,0.3517241379310345,0.37241379310344824,0,0.0,0,0.0,P,9.7,0.30952261366,-0.5093076160170936,9.7,0.30952261366,-0.5093076160170936,0.30952261366,-0.5093076160170936
Pyocin L3,P. aeruginosa CFPA124,13.8,13.8,nM,exact,kinetic broth MIC,10.1002/mbo3.210,Table 2,ERZ09331.1,NCBI Protein,lectin-like,unresolved,5f140d4fa0fefabee97ca3d9b92c6ec4ce4db46bfb0a4c96189a6a42ed940b51,SMART,SM00108,154-261,108,-3.8883243320505523,-0.36759259259259264,5.271100425720214,2.501147147716551,0.5149999999999999,290,31909.5478,6.585161018371582,-0.9842171982660375,-0.2482758620689655,0.11724137931034483,26.17931034482758,0.24482758620689654,0.3517241379310345,0.37241379310344824,0,0.0,0,0.0,P,13.8,0.44035175964,-0.3562002638821019,13.8,0.44035175964,-0.3562002638821019,0.44035175964,-0.3562002638821019
Pyocin L2,P. aeruginosa Bu007,3300.0,inf,nM,right,kinetic broth MIC,10.1002/mbo3.210,Table 2,ERX71449.1,NCBI Protein,lectin-like,unresolved,4eaf1adbc0be1db4427fc1870c8968eb94dd44a57e2dbc8f3af003d7c0843013,SMART,SM00108,8-121; 123-227,219,-3.221103355912856,-0.21598173515981736,5.05266819000244,-0.4974885714619175,-0.25,256,28412.9406,5.429965400695799,-3.307257387168953,-0.21953125,0.1171875,17.165234374999994,0.265625,0.328125,0.41015625,0,0.0,0,0.0,P,3300.0,93.76270398,1.9720301232757658,inf,inf,inf,,
Pyocin L1,P. aeruginosa CFPA22,3300.0,inf,nM,right,kinetic broth MIC,10.1002/mbo3.210,Table 2,CDG56231.1,NCBI Protein,lectin-like,unresolved,5a78b8ac859194c3d2a684b55d59f933600989e862c070d3bfaf1d77bfdecd0d,SMART,SM00108,8-108; 123-228,207,-2.0547639666535815,-0.2352657004830918,5.687843894958497,-0.4974885714619175,-0.25,256,28412.981999999996,6.4207258224487305,-1.1391165368354663,-0.23632812500000003,0.12109375,15.821093749999992,0.265625,0.3203125,0.4140625,4,0.015625,4,0.0,P,3300.0,93.76284059999999,1.9720307560782169,inf,inf,inf,,
Pyocin L2,P. aeruginosa CFPA101,3300.0,inf,nM,right,kinetic broth MIC,10.1002/mbo3.210,Table 2,ERX71449.1,NCBI Protein,lectin-like,unresolved,4eaf1adbc0be1db4427fc1870c8968eb94dd44a57e2dbc8f3af003d7c0843013,SMART,SM00108,8-121; 123-227,219,-3.221103355912856,-0.21598173515981736,5.05266819000244,-0.4974885714619175,-0.25,256,28412.9406,5.429965400695799,-3.307257387168953,-0.21953125,0.1171875,17.165234374999994,0.265625,0.328125,0.41015625,0,0.0,0,0.0,P,3300.0,93.76270398,1.9720301232757658,inf,inf,inf,,
Pyocin L3,P. aeruginosa CFPA101,3300.0,inf,nM,right,kinetic broth MIC,10.1002/mbo3.210,Table 2,ERZ09331.1,NCBI Protein,lectin-like,unresolved,5f140d4fa0fefabee97ca3d9b92c6ec4ce4db46bfb0a4c96189a6a42ed940b51,SMART,SM00108,154-261,108,-3.8883243320505523,-0.36759259259259264,5.271100425720214,2.501147147716551,0.5149999999999999,290,31909.5478,6.585161018371582,-0.9842171982660375,-0.2482758620689655,0.11724137931034483,26.17931034482758,0.24482758620689654,0.3517241379310345,0.37241379310344824,0,0.0,0,0.0,P,3300.0,105.30150773999999,2.022434589594549,inf,inf,inf,,
Pyocin S6,P. aeruginosa CF_PA109,260.0,260.0,ug/mL,exact,spot-overlay MIC,10.1002/mbo3.339,Figure 4C,KYO98147.1,NCBI Protein,nuclease,unresolved,a10c4ca6ec431767f3f42cc559bfd1d03dbb22118b4529b4a3b0902997f3d5a7,Pfam,PF09000,491-570,80,7.032648101023602,-1.23125,10.066818809509275,-1.4041998623816827,0.10499999999999998,571,60932.3498,9.053440284729003,6.0965827409632,-0.3180385288966725,0.05604203152364273,42.75534150612966,0.3520140105078809,0.29947460595446584,0.318739054290718,165,0.2889667250437828,32,0.175,P,4267.027299183528,260.0,2.4149733479708178,4267.027299183528,260.0,2.4149733479708178,260.0,2.4149733479708178
Colicin E1,E. coli K-12 BW25113,0.125,0.25,nM,interval,spot titer MIC,10.1111/j.1365-2958.2009.06788.x,"Results, colicin cytotoxicity and receptor function",P02978,UniProtKB,pore-forming,Tol,882a7a1b24629e4972e6cc8b85ad73aaf24b9e455c0ed0a9844316197489716d,Pfam,PF01024,344-518,175,2.9332938954100634,-0.12342857142857144,8.736449241638184,-2.498345812720072,-0.40750000000000003,522,57279.1637,9.306091880798338,14.18701774114082,-0.5948275862068966,0.05363984674329502,29.076072796934856,0.450191570881226,0.23180076628352492,0.289272030651341,254,0.4865900383141762,158,0.5,E,0.125,0.0071598954624999996,-2.1450933185288528,0.25,0.014319790924999999,-1.8440633228648715,0.010125621268241083,-1.994578320696862
Colicin E2,E. coli K-12 BW25113,0.05,0.1,nM,interval,spot titer MIC,10.1111/j.1365-2958.2009.06788.x,"Results, colicin cytotoxicity and receptor function",P04419,UniProtKB,nuclease,Tol,62729c48db3bf25b6594b476b849eaa687cf54988a4403a2f293cb1620b9e0b0,Pfam,PF21431,456-579,124,8.119713832032186,-1.308064516129032,9.695480918884279,-1.3230654139697933,-0.645,581,61628.493700000006,9.016757774353028,6.618935672225476,-0.7492254733218588,0.05163511187607573,36.57659208261618,0.29259896729776247,0.3924268502581756,0.24268502581755594,423,0.7280550774526678,119,1.0,E,0.05,0.0030814246850000004,-2.5112484426627004,0.1,0.006162849370000001,-2.2102184469987196,0.004357792580958243,-2.36073344483071
Colicin E3,E. coli K-12 BW25113,0.05,0.1,nM,interval,spot titer MIC,10.1111/j.1365-2958.2009.06788.x,"Results, colicin cytotoxicity and receptor function",P00646,UniProtKB,nuclease,Tol,0298630076ff861dd7f95a799065bf60264dd410ff306b4a328770a6b7b89d1e,Pfam,PF09000,465-548,84,8.024555577999955,-1.5523809523809524,9.937495231628418,-1.3230654139697933,-0.645,551,57962.34309999999,9.04480152130127,6.606264902417458,-0.733393829401089,0.05263157894736842,36.79564428312158,0.2885662431941924,0.40653357531760437,0.24319419237749548,408,0.7404718693284936,179,1.0,E,0.05,0.0028981171549999998,-2.5378840623632506,0.1,0.0057962343099999996,-2.2368540666992693,0.004098556585947129,-2.38736906453126
Colicin E7,E. coli K-12 BW25113,0.05,0.1,nM,interval,spot titer MIC,10.1111/j.1365-2958.2009.06788.x,"Results, colicin cytotoxicity and receptor function",Q47112,UniProtKB,nuclease,Tol,b53aa75a455e9cfc48fc6fe9a3112e6a22a11b0f53a01dbc3c0bfbd1da240237,Pfam,PF21431,451-574,124,10.118918491304175,-1.243548387096774,9.947358894348145,-1.3230654139697933,-0.8975,576,61348.8829,9.694062614440917,20.69655429017923,-0.6822916666666666,0.05555555555555555,38.31718750000001,0.3125,0.3611111111111111,0.2604166666666667,366,0.6354166666666666,77,1.0,E,0.05,0.0030674441449999998,-2.5132233365843772,0.1,0.0061348882899999995,-2.212193340920396,0.004338021111680942,-2.3627083387523866
Colicin B,E. coli K-12 BW25113,0.5,1.0,nM,interval,spot titer MIC,10.1111/j.1365-2958.2009.06788.x,"Results, colicin cytotoxicity and receptor function",P05819,UniProtKB,pore-forming,Ton,4beaf41c322442f500f89e4dff34eaaf05161fe604541404c59bfa61a57dab60,Pfam,PF01024,331-506,176,-3.519552330332875,0.11193181818181817,5.038515281677246,-4.49154934665086,-0.54,511,54862.3754,4.817070579528808,-17.15301547348352,-0.1776908023483366,0.06653620352250489,40.2731898238748,0.29549902152641877,0.36007827788649704,0.3405088062622309,136,0.2661448140900195,28,0.775,E,0.5,0.027431187699999998,-1.5617553881523303,1.0,0.054862375399999996,-1.2607253924883493,0.03879355767734202,-1.4112403903203399
Colicin D,E. coli K-12 BW25113,0.5,1.0,nM,interval,spot titer MIC,10.1111/j.1365-2958.2009.06788.x,"Results, colicin cytotoxicity and receptor function",P17998,UniProtKB,nuclease,Ton,d60cf03602c9686b028d6d36b9c92c8e57e3b834336ed58df7123ef227942b9c,Pfam,PF11429,604-684,81,2.947313976138936,-1.093827160493827,9.190886878967284,-4.406484920435117,-0.36750000000000005,697,74687.5413,4.9646814346313475,-21.679866205872962,-0.23400286944045912,0.05738880918220947,36.15997130559555,0.28981348637015786,0.35581061692969873,0.34146341463414637,162,0.2324246771879483,40,0.45,E,0.5,0.03734377065,-1.4277818328836873,1.0,0.0746875413,-1.126751837219706,0.05281206692338033,-1.2772668350516967
Colicin N,E. coli K-12 BW25113,0.5,1.0,nM,interval,spot titer MIC,10.1111/j.1365-2958.2009.06788.x,"Results, colicin cytotoxicity and receptor function",P08083,UniProtKB,pore-forming,Tol,73d5a81474789b0605c3be8de2afd67323413f0efa721aadf1e3f99d4034b61b,Pfam,PF01024,187-361,175,5.938447890596141,-0.025714285714285714,9.3782320022583,0.5876406358367745,-0.9974999999999999,387,41742.6271,9.617925453186036,16.12914620706954,-0.45813953488372094,0.07751937984496125,17.921705426356585,0.3023255813953488,0.39276485788113696,0.31007751937984496,111,0.2868217054263566,111,1.0,E,0.5,0.02087131355,-1.6804502174623395,1.0,0.0417426271,-1.3794202217983582,0.029516494686951347,-1.5299352196303488
Colicin A,E. coli K-12 BW25113,2.5,5.0,nM,interval,spot titer MIC,10.1111/j.1365-2958.2009.06788.x,"Results, colicin cytotoxicity and receptor function",P04480,UniProtKB,pore-forming,Tol,92003a569e9d537826dc6a5a70ce8f61737583037876e0bd8d63756b9959afe1,Pfam,PF01024,392-585,194,-2.040840536075571,0.03659793814432989,5.772249794006346,-2.3151508293742284,-1.4200000000000002,592,62991.869699999996,7.783799934387207,1.212468150979177,-0.45692567567567566,0.04391891891891892,26.53125,0.3733108108108108,0.3158783783783784,0.26351351351351354,313,0.5287162162162162,88,1.0,E,2.5,0.15747967424999998,-0.8027754922280984,5.0,0.31495934849999996,-0.5017454965641173,0.22270989112244705,-0.6522604943961078
