bacteriocin,sequence_length_aa,idr_length_aa,idr_fraction,longest_idr_aa,nterm40_idr_fraction,idr_segments
Pyocin S5,498,58,0.11646586345381527,17,0.2,1-2; 8-13; 225-234; 259-273; 300-316; 346-353
PaeM4,342,8,0.023391812865497075,5,0.1,37-41; 230-232
LlpA BW11M1,276,0,0.0,0,0.0,
Pyocin L1,256,4,0.015625,4,0.0,235-238
Syringacin M,276,28,0.10144927536231885,20,0.575,13-15; 17-36; 94-98
KpneA,377,19,0.050397877984084884,6,0.2,2-7; 20-21; 81-85; 96-96; 150-154
KaerA,379,104,0.27440633245382584,41,1.0,1-41; 55-56; 63-88; 96-102; 104-119; 150-161
KvarIa,414,230,0.5555555555555556,230,1.0,1-230
KpneM,278,18,0.06474820143884892,9,0.225,21-29; 103-107; 275-278
KpneM2,272,13,0.04779411764705882,12,0.0,231-242; 271-271
KvarM,276,19,0.06884057971014493,16,0.0,234-249; 274-276
Colicin E3,551,408,0.7404718693284936,179,1.0,1-79; 153-159; 168-169; 208-222; 232-276; 285-365; 373-551
Colicin N,387,111,0.2868217054263566,111,1.0,1-111
Colicin E7,576,366,0.6354166666666666,77,1.0,1-77; 149-149; 235-257; 266-270; 288-363; 367-412; 416-485; 506-561; 565-576
Colicin E1,522,254,0.48659003831417624,158,0.5,21-178; 203-211; 213-241; 254-274; 278-298; 319-331; 336-338
Colicin E2,581,423,0.7280550774526678,119,1.0,1-79; 153-159; 167-170; 208-222; 231-276; 284-365; 372-490; 511-581
Colicin A,592,313,0.5287162162162162,88,1.0,1-57; 60-91; 97-127; 139-226; 252-272; 297-321; 328-350; 363-398
Colicin B,511,136,0.26614481409001955,28,0.775,1-14; 24-49; 107-115; 121-128; 153-157; 196-215; 226-249; 256-257; 294-321
Colicin D,697,162,0.23242467718794835,40,0.45,1-8; 31-48; 108-114; 121-127; 154-157; 197-215; 237-246; 268-270; 293-314; 341-347; 520-559; 615-618; 628-632; 641-648
Pyocin L2,256,0,0.0,0,0.0,
Pyocin L3,290,0,0.0,0,0.0,
Pyocin S6,571,165,0.28896672504378285,32,0.175,34-46; 160-165; 225-239; 314-324; 356-374; 414-440; 444-448; 453-457; 494-522; 526-528; 540-571
