KaerA	231b43165615c6fa6fe3481e8d1dd98b	379	Phobius	NON_CYTOPLASMIC_DOMAIN	Region of a membrane-bound protein predicted to be outside the membrane, in the extracellular region.	1	310	-	T	01-09-2026	-	-	-	-
KaerA	231b43165615c6fa6fe3481e8d1dd98b	379	Phobius	NON_CYTOPLASMIC_DOMAIN	Region of a membrane-bound protein predicted to be outside the membrane, in the extracellular region.	363	379	-	T	01-09-2026	-	-	-	-
KaerA	231b43165615c6fa6fe3481e8d1dd98b	379	TMHMM	TMhelix	Region of a membrane-bound protein predicted to be embedded in the membrane.	315	337	-	T	01-09-2026	-	-	-	-
KaerA	231b43165615c6fa6fe3481e8d1dd98b	379	Pfam	PF01024	Colicin pore forming domain	196	353	2.8E-5	T	01-09-2026	IPR000293	Channel forming colicin, C-terminal cytotoxic	GO:0016020(InterPro)|GO:0031640(InterPro)|GO:0050829(InterPro)|GO:0140911(InterPro)	-
KaerA	231b43165615c6fa6fe3481e8d1dd98b	379	Phobius	TRANSMEMBRANE	Region of a membrane-bound protein predicted to be embedded in the membrane.	341	362	-	T	01-09-2026	-	-	-	-
KaerA	231b43165615c6fa6fe3481e8d1dd98b	379	SUPERFAMILY	SSF56837	Colicin	132	376	5.89E-52	T	01-09-2026	-	-	-	-
KaerA	231b43165615c6fa6fe3481e8d1dd98b	379	Phobius	CYTOPLASMIC_DOMAIN	Region of a membrane-bound protein predicted to be outside the membrane, in the cytoplasm.	335	340	-	T	01-09-2026	-	-	-	-
KaerA	231b43165615c6fa6fe3481e8d1dd98b	379	Phobius	TRANSMEMBRANE	Region of a membrane-bound protein predicted to be embedded in the membrane.	311	334	-	T	01-09-2026	-	-	-	-
KaerA	231b43165615c6fa6fe3481e8d1dd98b	379	PRINTS	PR00280	Channel forming colicin signature	222	237	3.1E-10	T	01-09-2026	IPR000293	Channel forming colicin, C-terminal cytotoxic	GO:0016020(InterPro)|GO:0031640(InterPro)|GO:0050829(InterPro)|GO:0140911(InterPro)	-
KaerA	231b43165615c6fa6fe3481e8d1dd98b	379	PRINTS	PR00280	Channel forming colicin signature	241	257	3.1E-10	T	01-09-2026	IPR000293	Channel forming colicin, C-terminal cytotoxic	GO:0016020(InterPro)|GO:0031640(InterPro)|GO:0050829(InterPro)|GO:0140911(InterPro)	-
KaerA	231b43165615c6fa6fe3481e8d1dd98b	379	PRINTS	PR00280	Channel forming colicin signature	299	312	3.1E-10	T	01-09-2026	IPR000293	Channel forming colicin, C-terminal cytotoxic	GO:0016020(InterPro)|GO:0031640(InterPro)|GO:0050829(InterPro)|GO:0140911(InterPro)	-
KaerA	231b43165615c6fa6fe3481e8d1dd98b	379	MobiDBLite	mobidb-lite	consensus disorder prediction	13	29	-	T	01-09-2026	-	-	-	-
KaerA	231b43165615c6fa6fe3481e8d1dd98b	379	MobiDBLite	mobidb-lite	consensus disorder prediction	1	29	-	T	01-09-2026	-	-	-	-
KaerA	231b43165615c6fa6fe3481e8d1dd98b	379	TMHMM	TMhelix	Region of a membrane-bound protein predicted to be embedded in the membrane.	342	364	-	T	01-09-2026	-	-	-	-
KaerA	231b43165615c6fa6fe3481e8d1dd98b	379	Gene3D	G3DSA:1.10.490.30	Colicin	160	375	6.2E-69	T	01-09-2026	IPR038283	Channel forming colicin, C-terminal domain superfamily	-	-
Pyocin_L3	aa7f80053007c32f0301f1005670915e	290	Phobius	SIGNAL_PEPTIDE	Signal peptide region	1	21	-	T	01-09-2026	-	-	-	-
Pyocin_L3	aa7f80053007c32f0301f1005670915e	290	SignalP_GRAM_POSITIVE	SignalP-TM	SignalP-TM	1	21	-	T	01-09-2026	-	-	-	-
Pyocin_L3	aa7f80053007c32f0301f1005670915e	290	SignalP_GRAM_NEGATIVE	SignalP-noTM	SignalP-noTM	1	21	-	T	01-09-2026	-	-	-	-
Pyocin_L3	aa7f80053007c32f0301f1005670915e	290	Gene3D	G3DSA:2.90.10.30	-	26	263	1.3E-47	T	01-09-2026	-	-	-	-
Pyocin_L3	aa7f80053007c32f0301f1005670915e	290	Phobius	NON_CYTOPLASMIC_DOMAIN	Region of a membrane-bound protein predicted to be outside the membrane, in the extracellular region.	22	290	-	T	01-09-2026	-	-	-	-
Pyocin_L3	aa7f80053007c32f0301f1005670915e	290	SMART	SM00108	blect_4	154	261	1.3E-9	T	01-09-2026	IPR001480	Bulb-type lectin domain	-	-
Pyocin_L3	aa7f80053007c32f0301f1005670915e	290	SignalP_GRAM_NEGATIVE	SignalP-noTM	SignalP-noTM	1	21	-	T	01-09-2026	-	-	-	-
Pyocin_L3	aa7f80053007c32f0301f1005670915e	290	ProSiteProfiles	PS50927	Bulb-type lectin domain profile.	154	262	9.947111	T	01-09-2026	IPR001480	Bulb-type lectin domain	-	-
Pyocin_L3	aa7f80053007c32f0301f1005670915e	290	Phobius	SIGNAL_PEPTIDE_C_REGION	C-terminal region of a signal peptide.	17	21	-	T	01-09-2026	-	-	-	-
Pyocin_L3	aa7f80053007c32f0301f1005670915e	290	Phobius	SIGNAL_PEPTIDE_H_REGION	Hydrophobic region of a signal peptide.	5	16	-	T	01-09-2026	-	-	-	-
Pyocin_L3	aa7f80053007c32f0301f1005670915e	290	Gene3D	G3DSA:2.90.10.10	-	150	232	1.3E-47	T	01-09-2026	IPR036426	Bulb-type lectin domain superfamily	-	-
Pyocin_L3	aa7f80053007c32f0301f1005670915e	290	TMHMM	TMhelix	Region of a membrane-bound protein predicted to be embedded in the membrane.	7	26	-	T	01-09-2026	-	-	-	-
Pyocin_L3	aa7f80053007c32f0301f1005670915e	290	SUPERFAMILY	SSF51110	alpha-D-mannose-specific plant lectins	158	256	7.72E-23	T	01-09-2026	IPR036426	Bulb-type lectin domain superfamily	-	-
Pyocin_L3	aa7f80053007c32f0301f1005670915e	290	SUPERFAMILY	SSF51110	alpha-D-mannose-specific plant lectins	40	144	1.23E-7	T	01-09-2026	IPR036426	Bulb-type lectin domain superfamily	-	-
Pyocin_L3	aa7f80053007c32f0301f1005670915e	290	Phobius	SIGNAL_PEPTIDE_N_REGION	N-terminal region of a signal peptide.	1	4	-	T	01-09-2026	-	-	-	-
Colicin_A	5679f6cb8e132c59488974ed52400524	592	Phobius	CYTOPLASMIC_DOMAIN	Region of a membrane-bound protein predicted to be outside the membrane, in the cytoplasm.	1	527	-	T	01-09-2026	-	-	-	-
Colicin_A	5679f6cb8e132c59488974ed52400524	592	MobiDBLite	mobidb-lite	consensus disorder prediction	23	34	-	T	01-09-2026	-	-	-	-
Colicin_A	5679f6cb8e132c59488974ed52400524	592	Phobius	NON_CYTOPLASMIC_DOMAIN	Region of a membrane-bound protein predicted to be outside the membrane, in the extracellular region.	552	556	-	T	01-09-2026	-	-	-	-
Colicin_A	5679f6cb8e132c59488974ed52400524	592	Gene3D	G3DSA:1.10.287.620	Helix Hairpins	198	355	4.4E-10	T	01-09-2026	-	-	-	-
Colicin_A	5679f6cb8e132c59488974ed52400524	592	MobiDBLite	mobidb-lite	consensus disorder prediction	1	13	-	T	01-09-2026	-	-	-	-
Colicin_A	5679f6cb8e132c59488974ed52400524	592	Coils	Coil	Coil	227	247	-	T	01-09-2026	-	-	-	-
Colicin_A	5679f6cb8e132c59488974ed52400524	592	MobiDBLite	mobidb-lite	consensus disorder prediction	1	57	-	T	01-09-2026	-	-	-	-
Colicin_A	5679f6cb8e132c59488974ed52400524	592	Coils	Coil	Coil	187	207	-	T	01-09-2026	-	-	-	-
Colicin_A	5679f6cb8e132c59488974ed52400524	592	ProSitePatterns	PS00276	Channel forming colicins signature.	515	526	-	T	01-09-2026	IPR000293	Channel forming colicin, C-terminal cytotoxic	GO:0016020(InterPro)|GO:0031640(InterPro)|GO:0050829(InterPro)|GO:0140911(InterPro)	-
Colicin_A	5679f6cb8e132c59488974ed52400524	592	Phobius	CYTOPLASMIC_DOMAIN	Region of a membrane-bound protein predicted to be outside the membrane, in the cytoplasm.	576	592	-	T	01-09-2026	-	-	-	-
Colicin_A	5679f6cb8e132c59488974ed52400524	592	Pfam	PF01024	Colicin pore forming domain	392	585	1.1E-11	T	01-09-2026	IPR000293	Channel forming colicin, C-terminal cytotoxic	GO:0016020(InterPro)|GO:0031640(InterPro)|GO:0050829(InterPro)|GO:0140911(InterPro)	-
Colicin_A	5679f6cb8e132c59488974ed52400524	592	Phobius	TRANSMEMBRANE	Region of a membrane-bound protein predicted to be embedded in the membrane.	528	551	-	T	01-09-2026	-	-	-	-
Colicin_A	5679f6cb8e132c59488974ed52400524	592	Gene3D	G3DSA:2.30.30.970	-	51	111	1.4E-31	T	01-09-2026	-	-	-	-
Colicin_A	5679f6cb8e132c59488974ed52400524	592	PRINTS	PR00280	Channel forming colicin signature	438	453	1.1E-14	T	01-09-2026	IPR000293	Channel forming colicin, C-terminal cytotoxic	GO:0016020(InterPro)|GO:0031640(InterPro)|GO:0050829(InterPro)|GO:0140911(InterPro)	-
Colicin_A	5679f6cb8e132c59488974ed52400524	592	PRINTS	PR00280	Channel forming colicin signature	457	473	1.1E-14	T	01-09-2026	IPR000293	Channel forming colicin, C-terminal cytotoxic	GO:0016020(InterPro)|GO:0031640(InterPro)|GO:0050829(InterPro)|GO:0140911(InterPro)	-
Colicin_A	5679f6cb8e132c59488974ed52400524	592	PRINTS	PR00280	Channel forming colicin signature	515	528	1.1E-14	T	01-09-2026	IPR000293	Channel forming colicin, C-terminal cytotoxic	GO:0016020(InterPro)|GO:0031640(InterPro)|GO:0050829(InterPro)|GO:0140911(InterPro)	-
Colicin_A	5679f6cb8e132c59488974ed52400524	592	PRINTS	PR00280	Channel forming colicin signature	529	547	1.1E-14	T	01-09-2026	IPR000293	Channel forming colicin, C-terminal cytotoxic	GO:0016020(InterPro)|GO:0031640(InterPro)|GO:0050829(InterPro)|GO:0140911(InterPro)	-
Colicin_A	5679f6cb8e132c59488974ed52400524	592	SUPERFAMILY	SSF56837	Colicin	323	591	7.59E-88	T	01-09-2026	-	-	-	-
Colicin_A	5679f6cb8e132c59488974ed52400524	592	Gene3D	G3DSA:1.10.490.30	Colicin	369	589	4.6E-89	T	01-09-2026	IPR038283	Channel forming colicin, C-terminal domain superfamily	-	-
Colicin_A	5679f6cb8e132c59488974ed52400524	592	Coils	Coil	Coil	306	403	-	T	01-09-2026	-	-	-	-
Colicin_A	5679f6cb8e132c59488974ed52400524	592	Phobius	TRANSMEMBRANE	Region of a membrane-bound protein predicted to be embedded in the membrane.	557	575	-	T	01-09-2026	-	-	-	-
Colicin_A	5679f6cb8e132c59488974ed52400524	592	TMHMM	TMhelix	Region of a membrane-bound protein predicted to be embedded in the membrane.	553	575	-	T	01-09-2026	-	-	-	-
Colicin_A	5679f6cb8e132c59488974ed52400524	592	Pfam	PF22348	Colicin-A N-terminal domain	57	102	1.2E-10	T	01-09-2026	IPR055023	Colicin-A, N-terminal domain	-	-
Colicin_A	5679f6cb8e132c59488974ed52400524	592	TMHMM	TMhelix	Region of a membrane-bound protein predicted to be embedded in the membrane.	529	551	-	T	01-09-2026	-	-	-	-
Colicin_A	5679f6cb8e132c59488974ed52400524	592	MobiDBLite	mobidb-lite	consensus disorder prediction	373	395	-	T	01-09-2026	-	-	-	-
Colicin_N	4530487efbcbcc29a48f88bac443f446	387	Phobius	NON_CYTOPLASMIC_DOMAIN	Region of a membrane-bound protein predicted to be outside the membrane, in the extracellular region.	371	387	-	T	01-09-2026	-	-	-	-
Colicin_N	4530487efbcbcc29a48f88bac443f446	387	TMHMM	TMhelix	Region of a membrane-bound protein predicted to be embedded in the membrane.	347	369	-	T	01-09-2026	-	-	-	-
Colicin_N	4530487efbcbcc29a48f88bac443f446	387	TMHMM	TMhelix	Region of a membrane-bound protein predicted to be embedded in the membrane.	323	345	-	T	01-09-2026	-	-	-	-
Colicin_N	4530487efbcbcc29a48f88bac443f446	387	MobiDBLite	mobidb-lite	consensus disorder prediction	1	11	-	T	01-09-2026	-	-	-	-
Colicin_N	4530487efbcbcc29a48f88bac443f446	387	ProSitePatterns	PS00276	Channel forming colicins signature.	311	322	-	T	01-09-2026	IPR000293	Channel forming colicin, C-terminal cytotoxic	GO:0016020(InterPro)|GO:0031640(InterPro)|GO:0050829(InterPro)|GO:0140911(InterPro)	-
Colicin_N	4530487efbcbcc29a48f88bac443f446	387	Phobius	TRANSMEMBRANE	Region of a membrane-bound protein predicted to be embedded in the membrane.	352	370	-	T	01-09-2026	-	-	-	-
Colicin_N	4530487efbcbcc29a48f88bac443f446	387	PRINTS	PR00280	Channel forming colicin signature	234	249	5.4E-13	T	01-09-2026	IPR000293	Channel forming colicin, C-terminal cytotoxic	GO:0016020(InterPro)|GO:0031640(InterPro)|GO:0050829(InterPro)|GO:0140911(InterPro)	-
Colicin_N	4530487efbcbcc29a48f88bac443f446	387	PRINTS	PR00280	Channel forming colicin signature	253	269	5.4E-13	T	01-09-2026	IPR000293	Channel forming colicin, C-terminal cytotoxic	GO:0016020(InterPro)|GO:0031640(InterPro)|GO:0050829(InterPro)|GO:0140911(InterPro)	-
Colicin_N	4530487efbcbcc29a48f88bac443f446	387	PRINTS	PR00280	Channel forming colicin signature	311	324	5.4E-13	T	01-09-2026	IPR000293	Channel forming colicin, C-terminal cytotoxic	GO:0016020(InterPro)|GO:0031640(InterPro)|GO:0050829(InterPro)|GO:0140911(InterPro)	-
Colicin_N	4530487efbcbcc29a48f88bac443f446	387	PRINTS	PR00280	Channel forming colicin signature	325	343	5.4E-13	T	01-09-2026	IPR000293	Channel forming colicin, C-terminal cytotoxic	GO:0016020(InterPro)|GO:0031640(InterPro)|GO:0050829(InterPro)|GO:0140911(InterPro)	-
Colicin_N	4530487efbcbcc29a48f88bac443f446	387	Gene3D	G3DSA:1.10.490.30	Colicin	188	387	7.0E-79	T	01-09-2026	IPR038283	Channel forming colicin, C-terminal domain superfamily	-	-
Colicin_N	4530487efbcbcc29a48f88bac443f446	387	Phobius	CYTOPLASMIC_DOMAIN	Region of a membrane-bound protein predicted to be outside the membrane, in the cytoplasm.	346	351	-	T	01-09-2026	-	-	-	-
Colicin_N	4530487efbcbcc29a48f88bac443f446	387	SUPERFAMILY	SSF56837	Colicin	92	385	7.46E-106	T	01-09-2026	-	-	-	-
Colicin_N	4530487efbcbcc29a48f88bac443f446	387	Phobius	TRANSMEMBRANE	Region of a membrane-bound protein predicted to be embedded in the membrane.	324	345	-	T	01-09-2026	-	-	-	-
Colicin_N	4530487efbcbcc29a48f88bac443f446	387	Gene3D	G3DSA:3.30.1120.60	Colicin	91	187	1.0E-48	T	01-09-2026	-	-	-	-
Colicin_N	4530487efbcbcc29a48f88bac443f446	387	MobiDBLite	mobidb-lite	consensus disorder prediction	1	106	-	T	01-09-2026	-	-	-	-
Colicin_N	4530487efbcbcc29a48f88bac443f446	387	Pfam	PF01024	Colicin pore forming domain	187	361	1.0E-8	T	01-09-2026	IPR000293	Channel forming colicin, C-terminal cytotoxic	GO:0016020(InterPro)|GO:0031640(InterPro)|GO:0050829(InterPro)|GO:0140911(InterPro)	-
Colicin_N	4530487efbcbcc29a48f88bac443f446	387	Phobius	NON_CYTOPLASMIC_DOMAIN	Region of a membrane-bound protein predicted to be outside the membrane, in the extracellular region.	1	323	-	T	01-09-2026	-	-	-	-
Colicin_N	4530487efbcbcc29a48f88bac443f446	387	MobiDBLite	mobidb-lite	consensus disorder prediction	14	30	-	T	01-09-2026	-	-	-	-
Colicin_N	4530487efbcbcc29a48f88bac443f446	387	MobiDBLite	mobidb-lite	consensus disorder prediction	31	48	-	T	01-09-2026	-	-	-	-
Colicin_N	4530487efbcbcc29a48f88bac443f446	387	MobiDBLite	mobidb-lite	consensus disorder prediction	78	87	-	T	01-09-2026	-	-	-	-
Pyocin_L1	169e0bd7f160d46fcd8cd0ed1d5f60ec	256	SMART	SM00108	blect_4	8	108	2.1E-4	T	01-09-2026	IPR001480	Bulb-type lectin domain	-	-
Pyocin_L1	169e0bd7f160d46fcd8cd0ed1d5f60ec	256	SMART	SM00108	blect_4	123	228	0.0052	T	01-09-2026	IPR001480	Bulb-type lectin domain	-	-
Pyocin_L1	169e0bd7f160d46fcd8cd0ed1d5f60ec	256	Gene3D	G3DSA:2.90.10.10	-	118	199	1.2E-107	T	01-09-2026	IPR036426	Bulb-type lectin domain superfamily	-	-
Pyocin_L1	169e0bd7f160d46fcd8cd0ed1d5f60ec	256	Gene3D	G3DSA:2.90.10.30	-	5	242	1.2E-107	T	01-09-2026	-	-	-	-
Pyocin_L1	169e0bd7f160d46fcd8cd0ed1d5f60ec	256	SUPERFAMILY	SSF51110	alpha-D-mannose-specific plant lectins	14	110	8.12E-15	T	01-09-2026	IPR036426	Bulb-type lectin domain superfamily	-	-
Pyocin_L1	169e0bd7f160d46fcd8cd0ed1d5f60ec	256	ProSiteProfiles	PS50927	Bulb-type lectin domain profile.	2	168	9.192648	T	01-09-2026	IPR001480	Bulb-type lectin domain	-	-
Pyocin_L1	169e0bd7f160d46fcd8cd0ed1d5f60ec	256	SUPERFAMILY	SSF51110	alpha-D-mannose-specific plant lectins	125	217	1.92E-16	T	01-09-2026	IPR036426	Bulb-type lectin domain superfamily	-	-
KvarM	b5c3ba5212bdd75cf02f4bea394819f3	276	Gene3D	G3DSA:1.20.1440.280	-	2	146	4.7E-55	T	01-09-2026	-	-	-	-
KvarM	b5c3ba5212bdd75cf02f4bea394819f3	276	Gene3D	G3DSA:3.30.450.400	Colicin M, catalytic domain	147	276	2.2E-43	T	01-09-2026	-	-	-	-
KvarM	b5c3ba5212bdd75cf02f4bea394819f3	276	Pfam	PF14859	Colicin M	22	275	1.8E-64	T	01-09-2026	IPR028056	Colicin M	GO:0042742(InterPro)	-
Colicin_B	0c9ee74193597b4cebe354ff2d0d29f6	511	Phobius	CYTOPLASMIC_DOMAIN	Region of a membrane-bound protein predicted to be outside the membrane, in the cytoplasm.	469	474	-	T	01-09-2026	-	-	-	-
Colicin_B	0c9ee74193597b4cebe354ff2d0d29f6	511	SUPERFAMILY	SSF56837	Colicin	246	511	4.06E-91	T	01-09-2026	-	-	-	-
Colicin_B	0c9ee74193597b4cebe354ff2d0d29f6	511	Phobius	TRANSMEMBRANE	Region of a membrane-bound protein predicted to be embedded in the membrane.	450	468	-	T	01-09-2026	-	-	-	-
Colicin_B	0c9ee74193597b4cebe354ff2d0d29f6	511	PRINTS	PR00280	Channel forming colicin signature	360	375	2.4E-15	T	01-09-2026	IPR000293	Channel forming colicin, C-terminal cytotoxic	GO:0016020(InterPro)|GO:0031640(InterPro)|GO:0050829(InterPro)|GO:0140911(InterPro)	-
Colicin_B	0c9ee74193597b4cebe354ff2d0d29f6	511	PRINTS	PR00280	Channel forming colicin signature	379	395	2.4E-15	T	01-09-2026	IPR000293	Channel forming colicin, C-terminal cytotoxic	GO:0016020(InterPro)|GO:0031640(InterPro)|GO:0050829(InterPro)|GO:0140911(InterPro)	-
Colicin_B	0c9ee74193597b4cebe354ff2d0d29f6	511	PRINTS	PR00280	Channel forming colicin signature	437	450	2.4E-15	T	01-09-2026	IPR000293	Channel forming colicin, C-terminal cytotoxic	GO:0016020(InterPro)|GO:0031640(InterPro)|GO:0050829(InterPro)|GO:0140911(InterPro)	-
Colicin_B	0c9ee74193597b4cebe354ff2d0d29f6	511	PRINTS	PR00280	Channel forming colicin signature	451	469	2.4E-15	T	01-09-2026	IPR000293	Channel forming colicin, C-terminal cytotoxic	GO:0016020(InterPro)|GO:0031640(InterPro)|GO:0050829(InterPro)|GO:0140911(InterPro)	-
Colicin_B	0c9ee74193597b4cebe354ff2d0d29f6	511	Phobius	NON_CYTOPLASMIC_DOMAIN	Region of a membrane-bound protein predicted to be outside the membrane, in the extracellular region.	498	511	-	T	01-09-2026	-	-	-	-
Colicin_B	0c9ee74193597b4cebe354ff2d0d29f6	511	Pfam	PF03515	Colicin-like bacteriocin tRNase domain	1	309	5.1E-104	T	01-09-2026	IPR016128	Pyosin/cloacin translocation domain	-	-
Colicin_B	0c9ee74193597b4cebe354ff2d0d29f6	511	TMHMM	TMhelix	Region of a membrane-bound protein predicted to be embedded in the membrane.	475	497	-	T	01-09-2026	-	-	-	-
Colicin_B	0c9ee74193597b4cebe354ff2d0d29f6	511	TMHMM	TMhelix	Region of a membrane-bound protein predicted to be embedded in the membrane.	451	473	-	T	01-09-2026	-	-	-	-
Colicin_B	0c9ee74193597b4cebe354ff2d0d29f6	511	SUPERFAMILY	SSF69369	Cloacin translocation domain	10	311	3.92E-95	T	01-09-2026	IPR036302	Pyosin/cloacin translocation domain superfamily	-	-
Colicin_B	0c9ee74193597b4cebe354ff2d0d29f6	511	ProSitePatterns	PS00276	Channel forming colicins signature.	437	448	-	T	01-09-2026	IPR000293	Channel forming colicin, C-terminal cytotoxic	GO:0016020(InterPro)|GO:0031640(InterPro)|GO:0050829(InterPro)|GO:0140911(InterPro)	-
Colicin_B	0c9ee74193597b4cebe354ff2d0d29f6	511	Phobius	NON_CYTOPLASMIC_DOMAIN	Region of a membrane-bound protein predicted to be outside the membrane, in the extracellular region.	1	449	-	T	01-09-2026	-	-	-	-
Colicin_B	0c9ee74193597b4cebe354ff2d0d29f6	511	Pfam	PF01024	Colicin pore forming domain	331	506	2.1E-6	T	01-09-2026	IPR000293	Channel forming colicin, C-terminal cytotoxic	GO:0016020(InterPro)|GO:0031640(InterPro)|GO:0050829(InterPro)|GO:0140911(InterPro)	-
Colicin_B	0c9ee74193597b4cebe354ff2d0d29f6	511	Gene3D	G3DSA:1.10.490.30	Colicin	291	511	3.5E-86	T	01-09-2026	IPR038283	Channel forming colicin, C-terminal domain superfamily	-	-
Colicin_B	0c9ee74193597b4cebe354ff2d0d29f6	511	Coils	Coil	Coil	297	317	-	T	01-09-2026	-	-	-	-
Colicin_B	0c9ee74193597b4cebe354ff2d0d29f6	511	Phobius	TRANSMEMBRANE	Region of a membrane-bound protein predicted to be embedded in the membrane.	475	497	-	T	01-09-2026	-	-	-	-
Pyocin_L2	c92bd4ce66b44832346adc2bb33c3ea7	256	ProSiteProfiles	PS50927	Bulb-type lectin domain profile.	2	168	10.138924	T	01-09-2026	IPR001480	Bulb-type lectin domain	-	-
Pyocin_L2	c92bd4ce66b44832346adc2bb33c3ea7	256	SUPERFAMILY	SSF51110	alpha-D-mannose-specific plant lectins	14	111	8.4E-15	T	01-09-2026	IPR036426	Bulb-type lectin domain superfamily	-	-
Pyocin_L2	c92bd4ce66b44832346adc2bb33c3ea7	256	Gene3D	G3DSA:2.90.10.30	-	5	242	6.7E-106	T	01-09-2026	-	-	-	-
Pyocin_L2	c92bd4ce66b44832346adc2bb33c3ea7	256	SMART	SM00108	blect_4	123	227	0.0028	T	01-09-2026	IPR001480	Bulb-type lectin domain	-	-
Pyocin_L2	c92bd4ce66b44832346adc2bb33c3ea7	256	SMART	SM00108	blect_4	8	121	4.2E-5	T	01-09-2026	IPR001480	Bulb-type lectin domain	-	-
Pyocin_L2	c92bd4ce66b44832346adc2bb33c3ea7	256	Gene3D	G3DSA:2.90.10.10	-	118	199	6.7E-106	T	01-09-2026	IPR036426	Bulb-type lectin domain superfamily	-	-
Pyocin_L2	c92bd4ce66b44832346adc2bb33c3ea7	256	SUPERFAMILY	SSF51110	alpha-D-mannose-specific plant lectins	127	223	1.44E-15	T	01-09-2026	IPR036426	Bulb-type lectin domain superfamily	-	-
Syringacin_M	80b549907ce49e921b01f70cd28e1c76	276	FunFam	G3DSA:3.30.450.400:FF:000001	Putative Bacteriocin	126	276	7.0E-104	T	01-09-2026	-	-	-	-
Syringacin_M	80b549907ce49e921b01f70cd28e1c76	276	MobiDBLite	mobidb-lite	consensus disorder prediction	12	32	-	T	01-09-2026	-	-	-	-
Syringacin_M	80b549907ce49e921b01f70cd28e1c76	276	FunFam	G3DSA:1.10.150.880:FF:000001	Bacteriocin, putative	1	125	1.3E-86	T	01-09-2026	-	-	-	-
Syringacin_M	80b549907ce49e921b01f70cd28e1c76	276	Pfam	PF14859	Colicin M	125	275	2.5E-33	T	01-09-2026	IPR028056	Colicin M	GO:0042742(InterPro)	-
Syringacin_M	80b549907ce49e921b01f70cd28e1c76	276	Gene3D	G3DSA:3.30.450.400	Colicin M, catalytic domain	126	276	3.9E-57	T	01-09-2026	-	-	-	-
Syringacin_M	80b549907ce49e921b01f70cd28e1c76	276	Gene3D	G3DSA:1.10.150.880	-	1	125	2.8E-84	T	01-09-2026	-	-	-	-
LlpA_BW11M1	20967aa005967de202d16610b56ed11f	276	Gene3D	G3DSA:2.90.10.10	-	151	220	5.1E-72	T	01-09-2026	IPR036426	Bulb-type lectin domain superfamily	-	-
LlpA_BW11M1	20967aa005967de202d16610b56ed11f	276	SMART	SM00108	blect_4	14	137	0.005	T	01-09-2026	IPR001480	Bulb-type lectin domain	-	-
LlpA_BW11M1	20967aa005967de202d16610b56ed11f	276	SMART	SM00108	blect_4	146	253	6.7E-9	T	01-09-2026	IPR001480	Bulb-type lectin domain	-	-
LlpA_BW11M1	20967aa005967de202d16610b56ed11f	276	Gene3D	G3DSA:2.90.10.10	-	111	262	5.1E-72	T	01-09-2026	IPR036426	Bulb-type lectin domain superfamily	-	-
LlpA_BW11M1	20967aa005967de202d16610b56ed11f	276	ProSiteProfiles	PS50927	Bulb-type lectin domain profile.	146	253	10.074986	T	01-09-2026	IPR001480	Bulb-type lectin domain	-	-
LlpA_BW11M1	20967aa005967de202d16610b56ed11f	276	ProSiteProfiles	PS50927	Bulb-type lectin domain profile.	14	137	13.105623	T	01-09-2026	IPR001480	Bulb-type lectin domain	-	-
LlpA_BW11M1	20967aa005967de202d16610b56ed11f	276	SUPERFAMILY	SSF51110	alpha-D-mannose-specific plant lectins	156	248	9.68E-21	T	01-09-2026	IPR036426	Bulb-type lectin domain superfamily	-	-
LlpA_BW11M1	20967aa005967de202d16610b56ed11f	276	NCBIfam	NF033557	putidacin L1 family lectin-like bacteriocin	9	276	1.3E-109	T	01-09-2026	-	-	-	-
LlpA_BW11M1	20967aa005967de202d16610b56ed11f	276	Gene3D	G3DSA:2.90.10.10	-	1	105	1.4E-30	T	01-09-2026	IPR036426	Bulb-type lectin domain superfamily	-	-
LlpA_BW11M1	20967aa005967de202d16610b56ed11f	276	SUPERFAMILY	SSF51110	alpha-D-mannose-specific plant lectins	14	133	8.52E-14	T	01-09-2026	IPR036426	Bulb-type lectin domain superfamily	-	-
Colicin_E2	e52527eabdcda32bece115755b59eed1	581	MobiDBLite	mobidb-lite	consensus disorder prediction	535	554	-	T	01-09-2026	-	-	-	-
Colicin_E2	e52527eabdcda32bece115755b59eed1	581	MobiDBLite	mobidb-lite	consensus disorder prediction	46	74	-	T	01-09-2026	-	-	-	-
Colicin_E2	e52527eabdcda32bece115755b59eed1	581	Gene3D	G3DSA:1.20.5.740	Single helix  bin	291	317	1.3E-18	T	01-09-2026	-	-	-	-
Colicin_E2	e52527eabdcda32bece115755b59eed1	581	MobiDBLite	mobidb-lite	consensus disorder prediction	296	320	-	T	01-09-2026	-	-	-	-
Colicin_E2	e52527eabdcda32bece115755b59eed1	581	MobiDBLite	mobidb-lite	consensus disorder prediction	421	488	-	T	01-09-2026	-	-	-	-
Colicin_E2	e52527eabdcda32bece115755b59eed1	581	Pfam	PF11570	Coiled-coil receptor-binding R-domain of colicin E2	314	446	0.022	T	01-09-2026	IPR024566	Colicin, receptor domain	-	-
Colicin_E2	e52527eabdcda32bece115755b59eed1	581	Pfam	PF03515	Colicin-like bacteriocin tRNase domain	30	311	1.9E-98	T	01-09-2026	IPR016128	Pyosin/cloacin translocation domain	-	-
Colicin_E2	e52527eabdcda32bece115755b59eed1	581	MobiDBLite	mobidb-lite	consensus disorder prediction	429	452	-	T	01-09-2026	-	-	-	-
Colicin_E2	e52527eabdcda32bece115755b59eed1	581	SUPERFAMILY	SSF69369	Cloacin translocation domain	3	314	2.62E-80	T	01-09-2026	IPR036302	Pyosin/cloacin translocation domain superfamily	-	-
Colicin_E2	e52527eabdcda32bece115755b59eed1	581	MobiDBLite	mobidb-lite	consensus disorder prediction	1	74	-	T	01-09-2026	-	-	-	-
Colicin_E2	e52527eabdcda32bece115755b59eed1	581	Coils	Coil	Coil	418	452	-	T	01-09-2026	-	-	-	-
Colicin_E2	e52527eabdcda32bece115755b59eed1	581	MobiDBLite	mobidb-lite	consensus disorder prediction	464	475	-	T	01-09-2026	-	-	-	-
Colicin_E2	e52527eabdcda32bece115755b59eed1	581	Gene3D	G3DSA:3.90.540.10	Colicin/pyocin, DNase domain	448	581	1.8E-59	T	01-09-2026	IPR037146	Colicin/pyocin, DNase domain superfamily	GO:0004519(InterPro)	-
Colicin_E2	e52527eabdcda32bece115755b59eed1	581	PRINTS	PR01295	Cloacin signature	85	106	3.3E-106	T	01-09-2026	IPR024575	Cloacin/colicin	GO:0005727(InterPro)	-
Colicin_E2	e52527eabdcda32bece115755b59eed1	581	PRINTS	PR01295	Cloacin signature	108	124	3.3E-106	T	01-09-2026	IPR024575	Cloacin/colicin	GO:0005727(InterPro)	-
Colicin_E2	e52527eabdcda32bece115755b59eed1	581	PRINTS	PR01295	Cloacin signature	127	146	3.3E-106	T	01-09-2026	IPR024575	Cloacin/colicin	GO:0005727(InterPro)	-
Colicin_E2	e52527eabdcda32bece115755b59eed1	581	PRINTS	PR01295	Cloacin signature	158	175	3.3E-106	T	01-09-2026	IPR024575	Cloacin/colicin	GO:0005727(InterPro)	-
Colicin_E2	e52527eabdcda32bece115755b59eed1	581	PRINTS	PR01295	Cloacin signature	193	212	3.3E-106	T	01-09-2026	IPR024575	Cloacin/colicin	GO:0005727(InterPro)	-
Colicin_E2	e52527eabdcda32bece115755b59eed1	581	PRINTS	PR01295	Cloacin signature	218	240	3.3E-106	T	01-09-2026	IPR024575	Cloacin/colicin	GO:0005727(InterPro)	-
Colicin_E2	e52527eabdcda32bece115755b59eed1	581	PRINTS	PR01295	Cloacin signature	268	290	3.3E-106	T	01-09-2026	IPR024575	Cloacin/colicin	GO:0005727(InterPro)	-
Colicin_E2	e52527eabdcda32bece115755b59eed1	581	PRINTS	PR01295	Cloacin signature	310	329	3.3E-106	T	01-09-2026	IPR024575	Cloacin/colicin	GO:0005727(InterPro)	-
Colicin_E2	e52527eabdcda32bece115755b59eed1	581	MobiDBLite	mobidb-lite	consensus disorder prediction	518	527	-	T	01-09-2026	-	-	-	-
Colicin_E2	e52527eabdcda32bece115755b59eed1	581	MobiDBLite	mobidb-lite	consensus disorder prediction	242	269	-	T	01-09-2026	-	-	-	-
Colicin_E2	e52527eabdcda32bece115755b59eed1	581	Gene3D	G3DSA:1.10.287.620	Helix Hairpins	318	447	2.8E-63	T	01-09-2026	-	-	-	-
Colicin_E2	e52527eabdcda32bece115755b59eed1	581	MobiDBLite	mobidb-lite	consensus disorder prediction	293	320	-	T	01-09-2026	-	-	-	-
Colicin_E2	e52527eabdcda32bece115755b59eed1	581	MobiDBLite	mobidb-lite	consensus disorder prediction	513	566	-	T	01-09-2026	-	-	-	-
Colicin_E2	e52527eabdcda32bece115755b59eed1	581	MobiDBLite	mobidb-lite	consensus disorder prediction	36	45	-	T	01-09-2026	-	-	-	-
Colicin_E2	e52527eabdcda32bece115755b59eed1	581	SMART	SM00507	HNH_5	519	575	6.9E-5	T	01-09-2026	IPR003615	HNH nuclease	-	-
Colicin_E2	e52527eabdcda32bece115755b59eed1	581	FunFam	G3DSA:3.90.540.10:FF:000001	Colicin-E9	448	581	1.2E-69	T	01-09-2026	-	-	-	-
Colicin_E2	e52527eabdcda32bece115755b59eed1	581	MobiDBLite	mobidb-lite	consensus disorder prediction	242	251	-	T	01-09-2026	-	-	-	-
Colicin_E2	e52527eabdcda32bece115755b59eed1	581	SUPERFAMILY	SSF69985	Colicin E3 receptor domain	316	454	1.7E-63	T	01-09-2026	-	-	-	-
Colicin_E2	e52527eabdcda32bece115755b59eed1	581	MobiDBLite	mobidb-lite	consensus disorder prediction	20	35	-	T	01-09-2026	-	-	-	-
Colicin_E2	e52527eabdcda32bece115755b59eed1	581	Pfam	PF21431	Colicin/Pyocin-S2, DNase domain	456	579	4.1E-49	T	01-09-2026	-	-	-	-
Colicin_E2	e52527eabdcda32bece115755b59eed1	581	Coils	Coil	Coil	316	343	-	T	01-09-2026	-	-	-	-
Colicin_E2	e52527eabdcda32bece115755b59eed1	581	SUPERFAMILY	SSF54060	His-Me finger endonucleases	449	578	1.18E-52	T	01-09-2026	IPR044925	His-Me finger superfamily	-	Reactome:R-HSA-114608|Reactome:R-HSA-140342|Reactome:R-HSA-196843|Reactome:R-HSA-199220|Reactome:R-HSA-9913635|Reactome:R-MMU-114608|Reactome:R-MMU-140342|Reactome:R-MMU-196843|Reactome:R-RNO-140342|Reactome:R-RNO-196843
Colicin_E7	773d81f4b5cb38efac1fb3155209e8a8	576	Coils	Coil	Coil	420	447	-	T	01-09-2026	-	-	-	-
Colicin_E7	773d81f4b5cb38efac1fb3155209e8a8	576	SUPERFAMILY	SSF69985	Colicin E3 receptor domain	311	449	2.48E-63	T	01-09-2026	-	-	-	-
Colicin_E7	773d81f4b5cb38efac1fb3155209e8a8	576	SMART	SM00507	HNH_5	517	570	0.0042	T	01-09-2026	IPR003615	HNH nuclease	-	-
Colicin_E7	773d81f4b5cb38efac1fb3155209e8a8	576	SUPERFAMILY	SSF54060	His-Me finger endonucleases	444	573	8.24E-53	T	01-09-2026	IPR044925	His-Me finger superfamily	-	Reactome:R-HSA-114608|Reactome:R-HSA-140342|Reactome:R-HSA-196843|Reactome:R-HSA-199220|Reactome:R-HSA-9913635|Reactome:R-MMU-114608|Reactome:R-MMU-140342|Reactome:R-MMU-196843|Reactome:R-RNO-140342|Reactome:R-RNO-196843
Colicin_E7	773d81f4b5cb38efac1fb3155209e8a8	576	MobiDBLite	mobidb-lite	consensus disorder prediction	19	35	-	T	01-09-2026	-	-	-	-
Colicin_E7	773d81f4b5cb38efac1fb3155209e8a8	576	Pfam	PF21431	Colicin/Pyocin-S2, DNase domain	451	574	3.4E-48	T	01-09-2026	-	-	-	-
Colicin_E7	773d81f4b5cb38efac1fb3155209e8a8	576	MobiDBLite	mobidb-lite	consensus disorder prediction	1	75	-	T	01-09-2026	-	-	-	-
Colicin_E7	773d81f4b5cb38efac1fb3155209e8a8	576	MobiDBLite	mobidb-lite	consensus disorder prediction	424	447	-	T	01-09-2026	-	-	-	-
Colicin_E7	773d81f4b5cb38efac1fb3155209e8a8	576	Coils	Coil	Coil	311	338	-	T	01-09-2026	-	-	-	-
Colicin_E7	773d81f4b5cb38efac1fb3155209e8a8	576	PRINTS	PR01295	Cloacin signature	80	101	5.0E-90	T	01-09-2026	IPR024575	Cloacin/colicin	GO:0005727(InterPro)	-
Colicin_E7	773d81f4b5cb38efac1fb3155209e8a8	576	PRINTS	PR01295	Cloacin signature	103	119	5.0E-90	T	01-09-2026	IPR024575	Cloacin/colicin	GO:0005727(InterPro)	-
Colicin_E7	773d81f4b5cb38efac1fb3155209e8a8	576	PRINTS	PR01295	Cloacin signature	122	141	5.0E-90	T	01-09-2026	IPR024575	Cloacin/colicin	GO:0005727(InterPro)	-
Colicin_E7	773d81f4b5cb38efac1fb3155209e8a8	576	PRINTS	PR01295	Cloacin signature	153	170	5.0E-90	T	01-09-2026	IPR024575	Cloacin/colicin	GO:0005727(InterPro)	-
Colicin_E7	773d81f4b5cb38efac1fb3155209e8a8	576	PRINTS	PR01295	Cloacin signature	188	207	5.0E-90	T	01-09-2026	IPR024575	Cloacin/colicin	GO:0005727(InterPro)	-
Colicin_E7	773d81f4b5cb38efac1fb3155209e8a8	576	PRINTS	PR01295	Cloacin signature	213	235	5.0E-90	T	01-09-2026	IPR024575	Cloacin/colicin	GO:0005727(InterPro)	-
Colicin_E7	773d81f4b5cb38efac1fb3155209e8a8	576	PRINTS	PR01295	Cloacin signature	263	285	5.0E-90	T	01-09-2026	IPR024575	Cloacin/colicin	GO:0005727(InterPro)	-
Colicin_E7	773d81f4b5cb38efac1fb3155209e8a8	576	PRINTS	PR01295	Cloacin signature	305	324	5.0E-90	T	01-09-2026	IPR024575	Cloacin/colicin	GO:0005727(InterPro)	-
Colicin_E7	773d81f4b5cb38efac1fb3155209e8a8	576	Pfam	PF03515	Colicin-like bacteriocin tRNase domain	29	306	1.2E-113	T	01-09-2026	IPR016128	Pyosin/cloacin translocation domain	-	-
Colicin_E7	773d81f4b5cb38efac1fb3155209e8a8	576	Coils	Coil	Coil	346	373	-	T	01-09-2026	-	-	-	-
Colicin_E7	773d81f4b5cb38efac1fb3155209e8a8	576	MobiDBLite	mobidb-lite	consensus disorder prediction	36	45	-	T	01-09-2026	-	-	-	-
Colicin_E7	773d81f4b5cb38efac1fb3155209e8a8	576	MobiDBLite	mobidb-lite	consensus disorder prediction	506	557	-	T	01-09-2026	-	-	-	-
Colicin_E7	773d81f4b5cb38efac1fb3155209e8a8	576	Gene3D	G3DSA:3.90.540.10	Colicin/pyocin, DNase domain	443	575	3.6E-59	T	01-09-2026	IPR037146	Colicin/pyocin, DNase domain superfamily	GO:0004519(InterPro)	-
Colicin_E7	773d81f4b5cb38efac1fb3155209e8a8	576	MobiDBLite	mobidb-lite	consensus disorder prediction	46	75	-	T	01-09-2026	-	-	-	-
Colicin_E7	773d81f4b5cb38efac1fb3155209e8a8	576	MobiDBLite	mobidb-lite	consensus disorder prediction	421	478	-	T	01-09-2026	-	-	-	-
Colicin_E7	773d81f4b5cb38efac1fb3155209e8a8	576	SUPERFAMILY	SSF69369	Cloacin translocation domain	3	308	9.94E-78	T	01-09-2026	IPR036302	Pyosin/cloacin translocation domain superfamily	-	-
Colicin_E7	773d81f4b5cb38efac1fb3155209e8a8	576	MobiDBLite	mobidb-lite	consensus disorder prediction	535	548	-	T	01-09-2026	-	-	-	-
Colicin_E7	773d81f4b5cb38efac1fb3155209e8a8	576	Gene3D	G3DSA:1.20.5.740	Single helix  bin	286	312	9.0E-19	T	01-09-2026	-	-	-	-
Colicin_E7	773d81f4b5cb38efac1fb3155209e8a8	576	Pfam	PF11570	Coiled-coil receptor-binding R-domain of colicin E2	309	441	0.028	T	01-09-2026	IPR024566	Colicin, receptor domain	-	-
Colicin_E7	773d81f4b5cb38efac1fb3155209e8a8	576	Gene3D	G3DSA:1.10.287.620	Helix Hairpins	313	442	7.0E-60	T	01-09-2026	-	-	-	-
KpneM2	173ed999dc2d7042b5a6cc7460fe8cf2	272	Gene3D	G3DSA:1.20.1440.280	-	2	142	4.8E-48	T	01-09-2026	-	-	-	-
KpneM2	173ed999dc2d7042b5a6cc7460fe8cf2	272	Gene3D	G3DSA:3.30.450.400	Colicin M, catalytic domain	146	272	8.5E-45	T	01-09-2026	-	-	-	-
KpneM2	173ed999dc2d7042b5a6cc7460fe8cf2	272	Pfam	PF14859	Colicin M	5	271	1.1E-61	T	01-09-2026	IPR028056	Colicin M	GO:0042742(InterPro)	-
PaeM4	1cce35b920fc4eb212546304d2546a54	342	Gene3D	G3DSA:3.30.450.400	Colicin M, catalytic domain	184	341	1.9E-41	T	01-09-2026	-	-	-	-
PaeM4	1cce35b920fc4eb212546304d2546a54	342	Pfam	PF14859	Colicin M	185	337	8.1E-21	T	01-09-2026	IPR028056	Colicin M	GO:0042742(InterPro)	-
KpneM	f68ee71be2d04949cee1e55590779b3d	278	Gene3D	G3DSA:1.20.1440.280	-	2	147	3.8E-60	T	01-09-2026	-	-	-	-
KpneM	f68ee71be2d04949cee1e55590779b3d	278	Gene3D	G3DSA:3.30.450.400	Colicin M, catalytic domain	148	278	2.5E-37	T	01-09-2026	-	-	-	-
KpneM	f68ee71be2d04949cee1e55590779b3d	278	Pfam	PF14859	Colicin M	18	278	8.6E-71	T	01-09-2026	IPR028056	Colicin M	GO:0042742(InterPro)	-
Pyocin_S5	53a5bc684c87af29609b8b39b36c977e	498	Phobius	TRANSMEMBRANE	Region of a membrane-bound protein predicted to be embedded in the membrane.	453	478	-	T	01-09-2026	-	-	-	-
Pyocin_S5	53a5bc684c87af29609b8b39b36c977e	498	Pfam	PF01024	Colicin pore forming domain	310	494	3.4E-121	T	01-09-2026	IPR000293	Channel forming colicin, C-terminal cytotoxic	GO:0016020(InterPro)|GO:0031640(InterPro)|GO:0050829(InterPro)|GO:0140911(InterPro)	-
Pyocin_S5	53a5bc684c87af29609b8b39b36c977e	498	ProSitePatterns	PS00276	Channel forming colicins signature.	432	443	-	T	01-09-2026	IPR000293	Channel forming colicin, C-terminal cytotoxic	GO:0016020(InterPro)|GO:0031640(InterPro)|GO:0050829(InterPro)|GO:0140911(InterPro)	-
Pyocin_S5	53a5bc684c87af29609b8b39b36c977e	498	PRINTS	PR00280	Channel forming colicin signature	355	370	1.1E-16	T	01-09-2026	IPR000293	Channel forming colicin, C-terminal cytotoxic	GO:0016020(InterPro)|GO:0031640(InterPro)|GO:0050829(InterPro)|GO:0140911(InterPro)	-
Pyocin_S5	53a5bc684c87af29609b8b39b36c977e	498	PRINTS	PR00280	Channel forming colicin signature	374	390	1.1E-16	T	01-09-2026	IPR000293	Channel forming colicin, C-terminal cytotoxic	GO:0016020(InterPro)|GO:0031640(InterPro)|GO:0050829(InterPro)|GO:0140911(InterPro)	-
Pyocin_S5	53a5bc684c87af29609b8b39b36c977e	498	PRINTS	PR00280	Channel forming colicin signature	432	445	1.1E-16	T	01-09-2026	IPR000293	Channel forming colicin, C-terminal cytotoxic	GO:0016020(InterPro)|GO:0031640(InterPro)|GO:0050829(InterPro)|GO:0140911(InterPro)	-
Pyocin_S5	53a5bc684c87af29609b8b39b36c977e	498	PRINTS	PR00280	Channel forming colicin signature	446	464	1.1E-16	T	01-09-2026	IPR000293	Channel forming colicin, C-terminal cytotoxic	GO:0016020(InterPro)|GO:0031640(InterPro)|GO:0050829(InterPro)|GO:0140911(InterPro)	-
Pyocin_S5	53a5bc684c87af29609b8b39b36c977e	498	SUPERFAMILY	SSF56837	Colicin	220	497	1.57E-81	T	01-09-2026	-	-	-	-
Pyocin_S5	53a5bc684c87af29609b8b39b36c977e	498	Phobius	NON_CYTOPLASMIC_DOMAIN	Region of a membrane-bound protein predicted to be outside the membrane, in the extracellular region.	1	452	-	T	01-09-2026	-	-	-	-
Pyocin_S5	53a5bc684c87af29609b8b39b36c977e	498	Coils	Coil	Coil	174	194	-	T	01-09-2026	-	-	-	-
Pyocin_S5	53a5bc684c87af29609b8b39b36c977e	498	Phobius	CYTOPLASMIC_DOMAIN	Region of a membrane-bound protein predicted to be outside the membrane, in the cytoplasm.	479	498	-	T	01-09-2026	-	-	-	-
Pyocin_S5	53a5bc684c87af29609b8b39b36c977e	498	Gene3D	G3DSA:1.10.490.30	Colicin	290	497	2.3E-70	T	01-09-2026	IPR038283	Channel forming colicin, C-terminal domain superfamily	-	-
Pyocin_S5	53a5bc684c87af29609b8b39b36c977e	498	Coils	Coil	Coil	197	217	-	T	01-09-2026	-	-	-	-
Pyocin_S5	53a5bc684c87af29609b8b39b36c977e	498	TMHMM	TMhelix	Region of a membrane-bound protein predicted to be embedded in the membrane.	453	475	-	T	01-09-2026	-	-	-	-
Pyocin_S5	53a5bc684c87af29609b8b39b36c977e	498	Coils	Coil	Coil	241	261	-	T	01-09-2026	-	-	-	-
Pyocin_S5	53a5bc684c87af29609b8b39b36c977e	498	Coils	Coil	Coil	282	320	-	T	01-09-2026	-	-	-	-
KvarIa	596375ed134d96332e967c2baeef448f	414	TMHMM	TMhelix	Region of a membrane-bound protein predicted to be embedded in the membrane.	379	401	-	T	01-09-2026	-	-	-	-
KvarIa	596375ed134d96332e967c2baeef448f	414	MobiDBLite	mobidb-lite	consensus disorder prediction	23	32	-	T	01-09-2026	-	-	-	-
KvarIa	596375ed134d96332e967c2baeef448f	414	Pfam	PF01024	Colicin pore forming domain	227	410	5.0E-46	T	01-09-2026	IPR000293	Channel forming colicin, C-terminal cytotoxic	GO:0016020(InterPro)|GO:0031640(InterPro)|GO:0050829(InterPro)|GO:0140911(InterPro)	-
KvarIa	596375ed134d96332e967c2baeef448f	414	MobiDBLite	mobidb-lite	consensus disorder prediction	1	11	-	T	01-09-2026	-	-	-	-
KvarIa	596375ed134d96332e967c2baeef448f	414	PRINTS	PR00280	Channel forming colicin signature	272	287	1.9E-19	T	01-09-2026	IPR000293	Channel forming colicin, C-terminal cytotoxic	GO:0016020(InterPro)|GO:0031640(InterPro)|GO:0050829(InterPro)|GO:0140911(InterPro)	-
KvarIa	596375ed134d96332e967c2baeef448f	414	PRINTS	PR00280	Channel forming colicin signature	291	307	1.9E-19	T	01-09-2026	IPR000293	Channel forming colicin, C-terminal cytotoxic	GO:0016020(InterPro)|GO:0031640(InterPro)|GO:0050829(InterPro)|GO:0140911(InterPro)	-
KvarIa	596375ed134d96332e967c2baeef448f	414	PRINTS	PR00280	Channel forming colicin signature	349	362	1.9E-19	T	01-09-2026	IPR000293	Channel forming colicin, C-terminal cytotoxic	GO:0016020(InterPro)|GO:0031640(InterPro)|GO:0050829(InterPro)|GO:0140911(InterPro)	-
KvarIa	596375ed134d96332e967c2baeef448f	414	PRINTS	PR00280	Channel forming colicin signature	363	381	1.9E-19	T	01-09-2026	IPR000293	Channel forming colicin, C-terminal cytotoxic	GO:0016020(InterPro)|GO:0031640(InterPro)|GO:0050829(InterPro)|GO:0140911(InterPro)	-
KvarIa	596375ed134d96332e967c2baeef448f	414	MobiDBLite	mobidb-lite	consensus disorder prediction	1	55	-	T	01-09-2026	-	-	-	-
KvarIa	596375ed134d96332e967c2baeef448f	414	MobiDBLite	mobidb-lite	consensus disorder prediction	112	138	-	T	01-09-2026	-	-	-	-
KvarIa	596375ed134d96332e967c2baeef448f	414	Phobius	TRANSMEMBRANE	Region of a membrane-bound protein predicted to be embedded in the membrane.	355	380	-	T	01-09-2026	-	-	-	-
KvarIa	596375ed134d96332e967c2baeef448f	414	Gene3D	G3DSA:1.10.490.30	Colicin	223	414	3.0E-63	T	01-09-2026	IPR038283	Channel forming colicin, C-terminal domain superfamily	-	-
KvarIa	596375ed134d96332e967c2baeef448f	414	Coils	Coil	Coil	153	173	-	T	01-09-2026	-	-	-	-
KvarIa	596375ed134d96332e967c2baeef448f	414	Phobius	NON_CYTOPLASMIC_DOMAIN	Region of a membrane-bound protein predicted to be outside the membrane, in the extracellular region.	381	385	-	T	01-09-2026	-	-	-	-
KvarIa	596375ed134d96332e967c2baeef448f	414	Phobius	TRANSMEMBRANE	Region of a membrane-bound protein predicted to be embedded in the membrane.	386	405	-	T	01-09-2026	-	-	-	-
KvarIa	596375ed134d96332e967c2baeef448f	414	Phobius	CYTOPLASMIC_DOMAIN	Region of a membrane-bound protein predicted to be outside the membrane, in the cytoplasm.	1	354	-	T	01-09-2026	-	-	-	-
KvarIa	596375ed134d96332e967c2baeef448f	414	Coils	Coil	Coil	175	235	-	T	01-09-2026	-	-	-	-
KvarIa	596375ed134d96332e967c2baeef448f	414	PANTHER	PTHR34403	TOL-PAL SYSTEM PROTEIN TOLA	158	295	9.3E-11	T	01-09-2026	IPR050972	Serine-aspartate repeat-containing protein-like	-	-
KvarIa	596375ed134d96332e967c2baeef448f	414	Phobius	CYTOPLASMIC_DOMAIN	Region of a membrane-bound protein predicted to be outside the membrane, in the cytoplasm.	406	414	-	T	01-09-2026	-	-	-	-
KvarIa	596375ed134d96332e967c2baeef448f	414	SUPERFAMILY	SSF56837	Colicin	159	414	9.68E-69	T	01-09-2026	-	-	-	-
Colicin_E1	0b8fbebfc05d295dfe81c596a8ecaaef	522	Coils	Coil	Coil	115	204	-	T	01-09-2026	-	-	-	-
Colicin_E1	0b8fbebfc05d295dfe81c596a8ecaaef	522	Coils	Coil	Coil	284	346	-	T	01-09-2026	-	-	-	-
Colicin_E1	0b8fbebfc05d295dfe81c596a8ecaaef	522	Phobius	CYTOPLASMIC_DOMAIN	Region of a membrane-bound protein predicted to be outside the membrane, in the cytoplasm.	505	522	-	T	01-09-2026	-	-	-	-
Colicin_E1	0b8fbebfc05d295dfe81c596a8ecaaef	522	ProSitePatterns	PS00276	Channel forming colicins signature.	457	468	-	T	01-09-2026	IPR000293	Channel forming colicin, C-terminal cytotoxic	GO:0016020(InterPro)|GO:0031640(InterPro)|GO:0050829(InterPro)|GO:0140911(InterPro)	-
Colicin_E1	0b8fbebfc05d295dfe81c596a8ecaaef	522	Pfam	PF01024	Colicin pore forming domain	344	518	3.9E-31	T	01-09-2026	IPR000293	Channel forming colicin, C-terminal cytotoxic	GO:0016020(InterPro)|GO:0031640(InterPro)|GO:0050829(InterPro)|GO:0140911(InterPro)	-
Colicin_E1	0b8fbebfc05d295dfe81c596a8ecaaef	522	Gene3D	G3DSA:1.10.287.620	Helix Hairpins	168	336	8.2E-18	T	01-09-2026	-	-	-	-
Colicin_E1	0b8fbebfc05d295dfe81c596a8ecaaef	522	Coils	Coil	Coil	60	100	-	T	01-09-2026	-	-	-	-
Colicin_E1	0b8fbebfc05d295dfe81c596a8ecaaef	522	PRINTS	PR00280	Channel forming colicin signature	380	395	4.0E-33	T	01-09-2026	IPR000293	Channel forming colicin, C-terminal cytotoxic	GO:0016020(InterPro)|GO:0031640(InterPro)|GO:0050829(InterPro)|GO:0140911(InterPro)	-
Colicin_E1	0b8fbebfc05d295dfe81c596a8ecaaef	522	PRINTS	PR00280	Channel forming colicin signature	399	415	4.0E-33	T	01-09-2026	IPR000293	Channel forming colicin, C-terminal cytotoxic	GO:0016020(InterPro)|GO:0031640(InterPro)|GO:0050829(InterPro)|GO:0140911(InterPro)	-
Colicin_E1	0b8fbebfc05d295dfe81c596a8ecaaef	522	PRINTS	PR00280	Channel forming colicin signature	457	470	4.0E-33	T	01-09-2026	IPR000293	Channel forming colicin, C-terminal cytotoxic	GO:0016020(InterPro)|GO:0031640(InterPro)|GO:0050829(InterPro)|GO:0140911(InterPro)	-
Colicin_E1	0b8fbebfc05d295dfe81c596a8ecaaef	522	PRINTS	PR00280	Channel forming colicin signature	471	489	4.0E-33	T	01-09-2026	IPR000293	Channel forming colicin, C-terminal cytotoxic	GO:0016020(InterPro)|GO:0031640(InterPro)|GO:0050829(InterPro)|GO:0140911(InterPro)	-
Colicin_E1	0b8fbebfc05d295dfe81c596a8ecaaef	522	Phobius	NON_CYTOPLASMIC_DOMAIN	Region of a membrane-bound protein predicted to be outside the membrane, in the extracellular region.	1	477	-	T	01-09-2026	-	-	-	-
Colicin_E1	0b8fbebfc05d295dfe81c596a8ecaaef	522	MobiDBLite	mobidb-lite	consensus disorder prediction	136	165	-	T	01-09-2026	-	-	-	-
Colicin_E1	0b8fbebfc05d295dfe81c596a8ecaaef	522	Gene3D	G3DSA:1.10.490.30	Colicin	337	522	1.4E-64	T	01-09-2026	IPR038283	Channel forming colicin, C-terminal domain superfamily	-	-
Colicin_E1	0b8fbebfc05d295dfe81c596a8ecaaef	522	SUPERFAMILY	SSF56837	Colicin	247	522	3.01E-94	T	01-09-2026	-	-	-	-
Colicin_E1	0b8fbebfc05d295dfe81c596a8ecaaef	522	TMHMM	TMhelix	Region of a membrane-bound protein predicted to be embedded in the membrane.	486	508	-	T	01-09-2026	-	-	-	-
Colicin_E1	0b8fbebfc05d295dfe81c596a8ecaaef	522	MobiDBLite	mobidb-lite	consensus disorder prediction	30	42	-	T	01-09-2026	-	-	-	-
Colicin_E1	0b8fbebfc05d295dfe81c596a8ecaaef	522	Phobius	TRANSMEMBRANE	Region of a membrane-bound protein predicted to be embedded in the membrane.	478	504	-	T	01-09-2026	-	-	-	-
Colicin_E1	0b8fbebfc05d295dfe81c596a8ecaaef	522	Coils	Coil	Coil	233	253	-	T	01-09-2026	-	-	-	-
Colicin_E1	0b8fbebfc05d295dfe81c596a8ecaaef	522	MobiDBLite	mobidb-lite	consensus disorder prediction	26	52	-	T	01-09-2026	-	-	-	-
KpneA	37bd3545e2e7bdde430218cdfded08c9	377	Gene3D	G3DSA:1.10.490.30	Colicin	157	373	1.6E-67	T	01-09-2026	IPR038283	Channel forming colicin, C-terminal domain superfamily	-	-
KpneA	37bd3545e2e7bdde430218cdfded08c9	377	Pfam	PF01024	Colicin pore forming domain	189	335	2.7E-4	T	01-09-2026	IPR000293	Channel forming colicin, C-terminal cytotoxic	GO:0016020(InterPro)|GO:0031640(InterPro)|GO:0050829(InterPro)|GO:0140911(InterPro)	-
KpneA	37bd3545e2e7bdde430218cdfded08c9	377	SUPERFAMILY	SSF56837	Colicin	132	372	1.44E-46	T	01-09-2026	-	-	-	-
KpneA	37bd3545e2e7bdde430218cdfded08c9	377	Phobius	TRANSMEMBRANE	Region of a membrane-bound protein predicted to be embedded in the membrane.	311	334	-	T	01-09-2026	-	-	-	-
KpneA	37bd3545e2e7bdde430218cdfded08c9	377	TMHMM	TMhelix	Region of a membrane-bound protein predicted to be embedded in the membrane.	311	333	-	T	01-09-2026	-	-	-	-
KpneA	37bd3545e2e7bdde430218cdfded08c9	377	PRINTS	PR00280	Channel forming colicin signature	220	235	4.2E-6	T	01-09-2026	IPR000293	Channel forming colicin, C-terminal cytotoxic	GO:0016020(InterPro)|GO:0031640(InterPro)|GO:0050829(InterPro)|GO:0140911(InterPro)	-
KpneA	37bd3545e2e7bdde430218cdfded08c9	377	PRINTS	PR00280	Channel forming colicin signature	239	255	4.2E-6	T	01-09-2026	IPR000293	Channel forming colicin, C-terminal cytotoxic	GO:0016020(InterPro)|GO:0031640(InterPro)|GO:0050829(InterPro)|GO:0140911(InterPro)	-
KpneA	37bd3545e2e7bdde430218cdfded08c9	377	PRINTS	PR00280	Channel forming colicin signature	297	310	4.2E-6	T	01-09-2026	IPR000293	Channel forming colicin, C-terminal cytotoxic	GO:0016020(InterPro)|GO:0031640(InterPro)|GO:0050829(InterPro)|GO:0140911(InterPro)	-
KpneA	37bd3545e2e7bdde430218cdfded08c9	377	Phobius	TRANSMEMBRANE	Region of a membrane-bound protein predicted to be embedded in the membrane.	340	360	-	T	01-09-2026	-	-	-	-
KpneA	37bd3545e2e7bdde430218cdfded08c9	377	Phobius	NON_CYTOPLASMIC_DOMAIN	Region of a membrane-bound protein predicted to be outside the membrane, in the extracellular region.	335	339	-	T	01-09-2026	-	-	-	-
KpneA	37bd3545e2e7bdde430218cdfded08c9	377	Phobius	CYTOPLASMIC_DOMAIN	Region of a membrane-bound protein predicted to be outside the membrane, in the cytoplasm.	361	377	-	T	01-09-2026	-	-	-	-
KpneA	37bd3545e2e7bdde430218cdfded08c9	377	TMHMM	TMhelix	Region of a membrane-bound protein predicted to be embedded in the membrane.	340	362	-	T	01-09-2026	-	-	-	-
KpneA	37bd3545e2e7bdde430218cdfded08c9	377	Phobius	CYTOPLASMIC_DOMAIN	Region of a membrane-bound protein predicted to be outside the membrane, in the cytoplasm.	1	310	-	T	01-09-2026	-	-	-	-
Pyocin_S6	b4e118a138122ce64261435a8f5f0360	571	MobiDBLite	mobidb-lite	consensus disorder prediction	543	571	-	T	01-09-2026	-	-	-	-
Pyocin_S6	b4e118a138122ce64261435a8f5f0360	571	Coils	Coil	Coil	210	241	-	T	01-09-2026	-	-	-	-
Pyocin_S6	b4e118a138122ce64261435a8f5f0360	571	SUPERFAMILY	SSF69369	Cloacin translocation domain	251	529	5.49E-50	T	01-09-2026	IPR036302	Pyosin/cloacin translocation domain superfamily	-	-
Pyocin_S6	b4e118a138122ce64261435a8f5f0360	571	PRINTS	PR01300	Pyocin S killer protein signature	243	264	9.8E-67	T	01-09-2026	IPR003060	Pyocin S killer protein	GO:0004519(InterPro)|GO:0005102(InterPro)|GO:0009617(InterPro)|GO:0019835(InterPro)	-
Pyocin_S6	b4e118a138122ce64261435a8f5f0360	571	PRINTS	PR01300	Pyocin S killer protein signature	270	290	9.8E-67	T	01-09-2026	IPR003060	Pyocin S killer protein	GO:0004519(InterPro)|GO:0005102(InterPro)|GO:0009617(InterPro)|GO:0019835(InterPro)	-
Pyocin_S6	b4e118a138122ce64261435a8f5f0360	571	PRINTS	PR01300	Pyocin S killer protein signature	291	309	9.8E-67	T	01-09-2026	IPR003060	Pyocin S killer protein	GO:0004519(InterPro)|GO:0005102(InterPro)|GO:0009617(InterPro)|GO:0019835(InterPro)	-
Pyocin_S6	b4e118a138122ce64261435a8f5f0360	571	PRINTS	PR01300	Pyocin S killer protein signature	326	349	9.8E-67	T	01-09-2026	IPR003060	Pyocin S killer protein	GO:0004519(InterPro)|GO:0005102(InterPro)|GO:0009617(InterPro)|GO:0019835(InterPro)	-
Pyocin_S6	b4e118a138122ce64261435a8f5f0360	571	PRINTS	PR01300	Pyocin S killer protein signature	377	395	9.8E-67	T	01-09-2026	IPR003060	Pyocin S killer protein	GO:0004519(InterPro)|GO:0005102(InterPro)|GO:0009617(InterPro)|GO:0019835(InterPro)	-
Pyocin_S6	b4e118a138122ce64261435a8f5f0360	571	Pfam	PF06958	S-type Pyocin	344	483	5.5E-33	T	01-09-2026	IPR016128	Pyosin/cloacin translocation domain	-	-
Pyocin_S6	b4e118a138122ce64261435a8f5f0360	571	SUPERFAMILY	SSF63840	Ribonuclease domain of colicin E3	486	571	1.29E-32	T	01-09-2026	IPR036725	Colicin E3-like ribonuclease domain superfamily	GO:0003723(InterPro)|GO:0016788(InterPro)|GO:0043022(InterPro)	-
Pyocin_S6	b4e118a138122ce64261435a8f5f0360	571	Pfam	PF09000	Cytotoxic	491	570	2.3E-31	T	01-09-2026	IPR009105	Colicin E3-like ribonuclease domain	GO:0003723(InterPro)|GO:0016788(InterPro)|GO:0043022(InterPro)	-
Pyocin_S6	b4e118a138122ce64261435a8f5f0360	571	Coils	Coil	Coil	76	96	-	T	01-09-2026	-	-	-	-
Pyocin_S6	b4e118a138122ce64261435a8f5f0360	571	Gene3D	G3DSA:3.10.380.10	-	482	570	4.4E-35	T	01-09-2026	IPR036725	Colicin E3-like ribonuclease domain superfamily	GO:0003723(InterPro)|GO:0016788(InterPro)|GO:0043022(InterPro)	-
Pyocin_S6	b4e118a138122ce64261435a8f5f0360	571	MobiDBLite	mobidb-lite	consensus disorder prediction	561	571	-	T	01-09-2026	-	-	-	-
Colicin_E3	1d7cafeb3425a7c6e85ded50798a6fad	551	Pfam	PF11570	Coiled-coil receptor-binding R-domain of colicin E2	314	447	7.3E-4	T	01-09-2026	IPR024566	Colicin, receptor domain	-	-
Colicin_E3	1d7cafeb3425a7c6e85ded50798a6fad	551	SUPERFAMILY	SSF69985	Colicin E3 receptor domain	316	454	8.37E-66	T	01-09-2026	-	-	-	-
Colicin_E3	1d7cafeb3425a7c6e85ded50798a6fad	551	PRINTS	PR01295	Cloacin signature	85	106	1.2E-106	T	01-09-2026	IPR024575	Cloacin/colicin	GO:0005727(InterPro)	-
Colicin_E3	1d7cafeb3425a7c6e85ded50798a6fad	551	PRINTS	PR01295	Cloacin signature	108	124	1.2E-106	T	01-09-2026	IPR024575	Cloacin/colicin	GO:0005727(InterPro)	-
Colicin_E3	1d7cafeb3425a7c6e85ded50798a6fad	551	PRINTS	PR01295	Cloacin signature	127	146	1.2E-106	T	01-09-2026	IPR024575	Cloacin/colicin	GO:0005727(InterPro)	-
Colicin_E3	1d7cafeb3425a7c6e85ded50798a6fad	551	PRINTS	PR01295	Cloacin signature	158	175	1.2E-106	T	01-09-2026	IPR024575	Cloacin/colicin	GO:0005727(InterPro)	-
Colicin_E3	1d7cafeb3425a7c6e85ded50798a6fad	551	PRINTS	PR01295	Cloacin signature	193	212	1.2E-106	T	01-09-2026	IPR024575	Cloacin/colicin	GO:0005727(InterPro)	-
Colicin_E3	1d7cafeb3425a7c6e85ded50798a6fad	551	PRINTS	PR01295	Cloacin signature	218	240	1.2E-106	T	01-09-2026	IPR024575	Cloacin/colicin	GO:0005727(InterPro)	-
Colicin_E3	1d7cafeb3425a7c6e85ded50798a6fad	551	PRINTS	PR01295	Cloacin signature	268	290	1.2E-106	T	01-09-2026	IPR024575	Cloacin/colicin	GO:0005727(InterPro)	-
Colicin_E3	1d7cafeb3425a7c6e85ded50798a6fad	551	PRINTS	PR01295	Cloacin signature	310	329	1.2E-106	T	01-09-2026	IPR024575	Cloacin/colicin	GO:0005727(InterPro)	-
Colicin_E3	1d7cafeb3425a7c6e85ded50798a6fad	551	MobiDBLite	mobidb-lite	consensus disorder prediction	46	74	-	T	01-09-2026	-	-	-	-
Colicin_E3	1d7cafeb3425a7c6e85ded50798a6fad	551	Coils	Coil	Coil	425	452	-	T	01-09-2026	-	-	-	-
Colicin_E3	1d7cafeb3425a7c6e85ded50798a6fad	551	MobiDBLite	mobidb-lite	consensus disorder prediction	293	320	-	T	01-09-2026	-	-	-	-
Colicin_E3	1d7cafeb3425a7c6e85ded50798a6fad	551	MobiDBLite	mobidb-lite	consensus disorder prediction	243	269	-	T	01-09-2026	-	-	-	-
Colicin_E3	1d7cafeb3425a7c6e85ded50798a6fad	551	MobiDBLite	mobidb-lite	consensus disorder prediction	296	320	-	T	01-09-2026	-	-	-	-
Colicin_E3	1d7cafeb3425a7c6e85ded50798a6fad	551	Gene3D	G3DSA:1.10.287.620	Helix Hairpins	318	447	6.4E-63	T	01-09-2026	-	-	-	-
Colicin_E3	1d7cafeb3425a7c6e85ded50798a6fad	551	Gene3D	G3DSA:3.10.380.10	-	454	551	1.9E-38	T	01-09-2026	IPR036725	Colicin E3-like ribonuclease domain superfamily	GO:0003723(InterPro)|GO:0016788(InterPro)|GO:0043022(InterPro)	-
Colicin_E3	1d7cafeb3425a7c6e85ded50798a6fad	551	Pfam	PF09000	Cytotoxic	465	548	2.4E-29	T	01-09-2026	IPR009105	Colicin E3-like ribonuclease domain	GO:0003723(InterPro)|GO:0016788(InterPro)|GO:0043022(InterPro)	-
Colicin_E3	1d7cafeb3425a7c6e85ded50798a6fad	551	MobiDBLite	mobidb-lite	consensus disorder prediction	36	45	-	T	01-09-2026	-	-	-	-
Colicin_E3	1d7cafeb3425a7c6e85ded50798a6fad	551	SUPERFAMILY	SSF63840	Ribonuclease domain of colicin E3	457	551	2.75E-39	T	01-09-2026	IPR036725	Colicin E3-like ribonuclease domain superfamily	GO:0003723(InterPro)|GO:0016788(InterPro)|GO:0043022(InterPro)	-
Colicin_E3	1d7cafeb3425a7c6e85ded50798a6fad	551	SUPERFAMILY	SSF69369	Cloacin translocation domain	3	314	1.1E-80	T	01-09-2026	IPR036302	Pyosin/cloacin translocation domain superfamily	-	-
Colicin_E3	1d7cafeb3425a7c6e85ded50798a6fad	551	MobiDBLite	mobidb-lite	consensus disorder prediction	406	505	-	T	01-09-2026	-	-	-	-
Colicin_E3	1d7cafeb3425a7c6e85ded50798a6fad	551	MobiDBLite	mobidb-lite	consensus disorder prediction	1	74	-	T	01-09-2026	-	-	-	-
Colicin_E3	1d7cafeb3425a7c6e85ded50798a6fad	551	MobiDBLite	mobidb-lite	consensus disorder prediction	517	551	-	T	01-09-2026	-	-	-	-
Colicin_E3	1d7cafeb3425a7c6e85ded50798a6fad	551	Gene3D	G3DSA:1.20.5.740	Single helix  bin	291	317	1.2E-18	T	01-09-2026	-	-	-	-
Colicin_E3	1d7cafeb3425a7c6e85ded50798a6fad	551	MobiDBLite	mobidb-lite	consensus disorder prediction	20	35	-	T	01-09-2026	-	-	-	-
Colicin_E3	1d7cafeb3425a7c6e85ded50798a6fad	551	MobiDBLite	mobidb-lite	consensus disorder prediction	430	472	-	T	01-09-2026	-	-	-	-
Colicin_E3	1d7cafeb3425a7c6e85ded50798a6fad	551	Pfam	PF03515	Colicin-like bacteriocin tRNase domain	30	311	7.0E-99	T	01-09-2026	IPR016128	Pyosin/cloacin translocation domain	-	-
Colicin_E3	1d7cafeb3425a7c6e85ded50798a6fad	551	Coils	Coil	Coil	316	343	-	T	01-09-2026	-	-	-	-
Colicin_D	5a299f5dfb128da3d1e0cd419a4d53f5	697	SUPERFAMILY	SSF102824	Colicin D/E5 nuclease domain	591	697	3.4E-50	T	01-09-2026	IPR038233	Colicin D/E5 nuclease domain superfamily	-	-
Colicin_D	5a299f5dfb128da3d1e0cd419a4d53f5	697	SUPERFAMILY	SSF69369	Cloacin translocation domain	368	619	1.57E-59	T	01-09-2026	IPR036302	Pyosin/cloacin translocation domain superfamily	-	-
Colicin_D	5a299f5dfb128da3d1e0cd419a4d53f5	697	Pfam	PF06958	S-type Pyocin	454	590	5.6E-29	T	01-09-2026	IPR016128	Pyosin/cloacin translocation domain	-	-
Colicin_D	5a299f5dfb128da3d1e0cd419a4d53f5	697	Pfam	PF11429	Colicin D	604	684	2.5E-13	T	01-09-2026	IPR024440	Colicin D, C-terminal	GO:0004540(InterPro)	-
Colicin_D	5a299f5dfb128da3d1e0cd419a4d53f5	697	Pfam	PF03515	Colicin-like bacteriocin tRNase domain	1	309	4.7E-97	T	01-09-2026	IPR016128	Pyosin/cloacin translocation domain	-	-
Colicin_D	5a299f5dfb128da3d1e0cd419a4d53f5	697	SUPERFAMILY	SSF69369	Cloacin translocation domain	10	311	3.66E-90	T	01-09-2026	IPR036302	Pyosin/cloacin translocation domain superfamily	-	-
Colicin_D	5a299f5dfb128da3d1e0cd419a4d53f5	697	Gene3D	G3DSA:3.10.450.200	-	591	697	8.6E-41	T	01-09-2026	IPR037178	Colicin D, C-terminal domain superfamily	GO:0004540(InterPro)	-
Colicin_D	5a299f5dfb128da3d1e0cd419a4d53f5	697	PRINTS	PR01295	Cloacin signature	144	161	1.9E-5	T	01-09-2026	IPR024575	Cloacin/colicin	GO:0005727(InterPro)	-
Colicin_D	5a299f5dfb128da3d1e0cd419a4d53f5	697	PRINTS	PR01295	Cloacin signature	179	198	1.9E-5	T	01-09-2026	IPR024575	Cloacin/colicin	GO:0005727(InterPro)	-
